Area,Boro,AreaType,2010-01,2010-02,2010-03,2010-04,2010-05,2010-06,2010-07,2010-08,2010-09,2010-10,2010-11,2010-12,2011-01,2011-02,2011-03,2011-04,2011-05,2011-06,2011-07,2011-08,2011-09,2011-10,2011-11,2011-12,2012-01,2012-02,2012-03,2012-04,2012-05,2012-06,2012-07,2012-08,2012-09,2012-10,2012-11,2012-12,2013-01,2013-02,2013-03,2013-04,2013-05,2013-06,2013-07,2013-08,2013-09,2013-10,2013-11,2013-12,2014-01,2014-02,2014-03,2014-04,2014-05,2014-06,2014-07,2014-08,2014-09,2014-10,2014-11,2014-12,2015-01,2015-02,2015-03,2015-04,2015-05,2015-06,2015-07,2015-08,2015-09,2015-10,2015-11,2015-12,2016-01,2016-02,2016-03,2016-04,2016-05,2016-06,2016-07,2016-08,2016-09,2016-10,2016-11,2016-12,2017-01,2017-02,2017-03,2017-04,2017-05,2017-06,2017-07,2017-08,2017-09,2017-10,2017-11,2017-12,2018-01,2018-02
All Downtown,Manhattan,submarket,3200.0,3200.0,3050.0,3100.0,3100.0,3200.0,3195.0,3200.0,3400.0,3495.0,3450.0,3400.0,3395.0,3395.0,3300.0,3300.0,3399.0,3400.0,3400.0,3495.0,3605.0,3670.0,3553.5,3495.0,3450.0,3450.0,3500.0,3500.0,3595.0,3550.0,3500.0,3550.0,3650.0,3600.0,3695.0,3675.0,3550.0,3500.0,3500.0,3500.0,3500.0,3500.0,3500.0,3595.0,3650.0,3650.0,3695.0,3600.0,3650.0,3600.0,3600.0,3600.0,3650.0,3595.0,3595.0,3595.0,3650.0,3600.0,3600.0,3600.0,3611.5,3643.0,3643.0,3695.0,3750.0,3695.0,3700.0,3787.5,3795.0,3801.5,3750.0,3780.0,3700.0,3738.0,3750.0,3795.0,3800.0,3850.0,3895.0,3799.0,3800.0,3760.0,3712.0,3650.0,3650.0,3700.0,3700.0,3733.0,3790.0,3729.0,3734.0,3700.0,3666.0,3685.0,3692.0,3650.0,3677.5,3780.0
All Midtown,Manhattan,submarket,2895.0,2800.0,2800.0,2850.0,2900.0,2950.0,3000.0,3000.0,3125.0,3150.0,3175.0,3195.0,3200.0,3200.0,3200.0,3210.0,3250.0,3300.0,3350.0,3300.0,3350.0,3400.0,3400.0,3387.5,3300.0,3295.0,3282.5,3350.0,3400.0,3395.0,3399.0,3400.0,3440.0,3400.0,3450.0,3450.0,3400.0,3450.0,3400.0,3396.5,3395.0,3399.5,3353.0,3395.0,3400.0,3400.0,3397.0,3400.0,3350.0,3395.0,3395.0,3400.0,3450.0,3490.0,3400.0,3400.0,3400.0,3450.0,3495.0,3500.0,3500.0,3500.0,3500.0,3500.0,3550.0,3550.0,3525.0,3524.0,3576.0,3500.0,3500.0,3500.0,3495.0,3500.0,3500.0,3550.0,3595.0,3500.0,3525.0,3508.0,3550.0,3524.0,3500.0,3500.0,3480.0,3495.0,3485.0,3500.0,3507.0,3530.0,3500.0,3500.0,3500.0,3500.0,3360.0,3387.0,3400.0,3400.0
All Upper East Side,Manhattan,submarket,2469.0,2450.0,2400.0,2500.0,2550.0,2575.0,2595.0,2500.0,2595.0,2550.0,2500.0,2550.0,2500.0,2500.0,2475.0,2500.0,2600.0,2695.0,2650.0,2695.0,2797.0,2800.0,2825.0,2800.0,2700.0,2700.0,2695.0,2700.0,2695.0,2750.0,2700.0,2730.0,2825.0,2795.0,2850.0,2849.5,2795.0,2800.0,2795.0,2750.0,2750.0,2750.0,2700.0,2800.0,2875.0,2850.0,2800.0,2800.0,2750.0,2750.0,2700.0,2700.0,2700.0,2700.0,2700.0,2700.0,2750.0,2750.0,2800.0,2835.0,2850.0,2900.0,2895.0,2875.0,2950.0,2992.5,2950.0,2995.0,3050.0,2995.0,2900.0,2950.0,2995.0,2970.0,3000.0,3000.0,3000.0,2995.0,2975.0,2940.0,2950.0,2950.0,2975.0,3000.0,2970.0,2995.0,2950.0,2950.0,2950.0,2950.0,2925.0,2900.0,2995.0,2950.0,2995.0,2990.0,2925.0,2900.0
All Upper Manhattan,Manhattan,submarket,1825.0,1810.0,1795.0,1800.0,1823.0,1850.0,1875.0,1850.0,1895.0,1877.5,1847.0,1850.0,1850.0,1800.0,1868.5,1895.0,1900.0,1950.0,1950.0,1983.0,1995.0,1980.0,1995.0,2000.0,2050.0,2000.0,1995.0,1999.5,2000.0,1995.0,2000.0,2050.0,2000.0,1995.0,2000.0,2000.0,1995.0,2000.0,2000.0,2000.0,2050.0,2100.0,2150.0,2155.0,2150.0,2000.0,2000.0,2000.0,2000.0,1995.0,2000.0,2095.0,2100.0,2100.0,2100.0,2150.0,2123.0,2150.0,2195.0,2195.0,2180.0,2200.0,2200.0,2200.0,2250.0,2295.0,2299.0,2300.0,2275.0,2275.0,2250.0,2250.0,2291.0,2275.0,2300.0,2375.0,2395.0,2350.0,2395.0,2400.0,2400.0,2399.0,2395.0,2395.0,2366.0,2300.0,2297.5,2325.0,2350.0,2350.0,2395.0,2395.0,2354.0,2350.0,2275.0,2295.0,2291.0,2295.0
All Upper West Side,Manhattan,submarket,2895.0,2800.0,2750.0,2800.0,2800.0,2795.0,2800.0,2875.0,2995.0,3000.0,3000.0,2995.0,2995.0,3000.0,2950.0,3000.0,3000.0,3100.0,3100.0,3200.0,3250.0,3300.0,3400.0,3495.0,3300.0,3200.0,3035.0,3150.0,3200.0,3200.0,3250.0,3300.0,3312.5,3350.0,3350.0,3300.0,3200.0,3230.0,3200.0,3200.0,3250.0,3150.0,3199.0,3250.0,3295.0,3300.0,3200.0,3249.0,3200.0,3195.0,3200.0,3295.0,3295.0,3280.0,3200.0,3200.0,3295.0,3300.0,3285.0,3275.0,3295.0,3300.0,3250.0,3300.0,3345.0,3395.0,3400.0,3500.0,3572.5,3505.0,3515.0,3500.0,3450.0,3450.0,3450.0,3475.0,3495.0,3450.0,3495.0,3445.0,3495.0,3480.0,3400.0,3382.0,3316.5,3347.0,3299.5,3300.0,3350.0,3390.0,3387.0,3395.0,3395.0,3400.0,3350.0,3335.0,3350.0,3295.0
Alley Park,Queens,neighborhood,,,,,,,,,,,,,,,,,,,,,,,,,,,,,,,,,,,,,,,,,,,,,,,,,,,,,,,,,,,,,,,,,,,,,,,,,,,,,,,,,,,,,,,,,,,,,,,,,,
Astoria,Queens,neighborhood,1600.0,1650.0,1640.0,1600.0,1700.0,1700.0,1625.0,1600.0,1600.0,1700.0,1650.0,1650.0,1625.0,1600.0,1750.0,1825.0,1900.0,1900.0,1820.0,1900.0,1900.0,1900.0,1972.5,2000.0,2000.0,2025.0,2025.0,2137.5,2025.0,1980.0,2200.0,2225.0,2250.0,2150.0,2026.0,2000.0,2000.0,2000.0,1950.0,2000.0,2200.0,2100.0,2200.0,2150.0,2100.0,2100.0,2000.0,2025.0,2100.0,2100.0,2100.0,2100.0,2100.0,2100.0,2100.0,2150.0,2200.0,2200.0,2200.0,2150.0,2200.0,2200.0,2200.0,2300.0,2300.0,2300.0,2300.0,2300.0,2200.0,2200.0,2200.0,2200.0,2200.0,2200.0,2300.0,2300.0,2300.0,2350.0,2300.0,2377.5,2350.0,2297.5,2295.0,2275.0,2250.0,2200.0,2200.0,2200.0,2200.0,2250.0,2300.0,2300.0,2250.0,2190.0,2200.0,2195.0,2150.0,2150.0
Auburndale,Queens,neighborhood,,,,,,,,,,,,,,,,,,,,,,,,,,,,,,,,,,,,,,,,,,,,,,,,,,,,,,,,,,,,,,,,,,,,1995.0,,,,,,,,1822.5,,,,,,,,,,,,,,2195.0,2097.5,,1795.0,,,,2197.5,
Bath Beach,Brooklyn,neighborhood,,,,,,,,,,,,,,,,,,,,1075.0,1075.0,,1200.0,1075.0,,,,,,,,,,,,,,,,,,,,,,,1475.0,,,,,,2200.0,1650.0,1800.0,,,1450.0,,,1750.0,1775.0,1775.0,2000.0,1850.0,1612.5,1700.0,1700.0,1750.0,2000.0,1900.0,1900.0,1745.0,1950.0,2025.0,2175.0,2250.0,2050.0,2097.5,2000.0,2200.0,2150.0,1900.0,1900.0,2150.0,1950.0,1850.0,1950.0,1975.0,2000.0,1975.0,1950.0,1825.0,1895.0,1800.0,1700.0,1875.0,1925.0
Battery Park City,Manhattan,neighborhood,3495.0,3346.0,3268.0,3300.0,3100.0,3395.0,3200.0,3250.0,3360.0,3415.0,3395.0,3350.0,3300.0,3150.0,3195.0,3385.0,3700.0,3692.5,3600.0,3650.0,3820.0,3850.0,3600.0,3615.0,3400.0,3500.0,3500.0,3600.0,3795.0,3895.0,4399.0,4450.0,4185.0,4050.0,4100.0,3995.0,3800.0,3500.0,3500.0,3587.5,3800.0,3992.5,3850.0,3825.0,3895.0,3995.0,3850.0,3895.0,3900.0,4000.0,4125.0,3545.0,3672.5,4650.0,4325.0,4200.0,4500.0,4130.0,3897.5,3595.0,3800.0,3957.5,4050.0,4125.0,4500.0,4675.0,4697.5,4800.0,4750.0,4775.0,5100.0,4770.0,4605.5,4600.0,4595.0,4800.0,4612.5,4650.0,4650.0,4800.0,4800.0,4250.0,4050.0,4025.0,4175.0,3995.0,3910.0,3972.5,4337.5,4385.0,4507.5,4350.0,4465.0,4695.0,3860.0,3950.0,4300.0,4114.0
Bay Ridge,Brooklyn,neighborhood,1350.0,1387.5,1350.0,1350.0,1350.0,1350.0,1300.0,1300.0,1300.0,1400.0,1475.0,1450.0,1425.0,1425.0,1450.0,1500.0,1560.0,1520.0,1650.0,1650.0,1750.0,1550.0,1750.0,1600.0,1700.0,1495.0,1495.0,1700.0,1900.0,1450.0,1450.0,1497.5,1800.0,1800.0,1800.0,1925.0,1550.0,1500.0,1925.0,1795.0,1625.0,1600.0,1775.0,1650.0,1750.0,1650.0,1650.0,1650.0,1600.0,1600.0,1575.0,1600.0,1875.0,1900.0,1900.0,1800.0,1849.0,1800.0,1800.0,1745.0,1700.0,1700.0,1724.5,1800.0,1800.0,1800.0,1800.0,1850.0,1900.0,1850.0,1850.0,1895.0,1900.0,2000.0,2000.0,2000.0,2037.5,2100.0,2000.0,2100.0,2000.0,2050.0,2100.0,2150.0,2000.0,2000.0,1950.0,1975.0,2000.0,2000.0,2000.0,1895.0,1895.0,1900.0,1837.5,1850.0,2000.0,1995.0
Baychester,Bronx,neighborhood,,,,,,,,,,,,,,,,,,,,,,,,,,,,,,,,,,,,,,,,,,,,,,,,,,,,,,,,,,,,,,,,,,,,,,,,,,,,,,,,,,,,,,,,,,,,,,,,,,
Bayside,Queens,neighborhood,1775.0,1875.0,1887.5,,,,,,,,,1700.0,,,,,2000.0,1950.0,2000.0,1950.0,1975.0,1900.0,1925.0,1975.0,1925.0,,1887.5,1887.5,2000.0,2000.0,1850.0,1775.0,1700.0,1850.0,1912.5,1912.5,,1900.0,2000.0,2050.0,2050.0,2012.5,1790.0,1825.0,1950.0,2100.0,1950.0,2050.0,,,1900.0,1850.0,1975.0,2162.5,2187.5,2200.0,2100.0,2197.5,2150.0,2300.0,2200.0,2200.0,2300.0,2300.0,2200.0,2300.0,2300.0,2175.0,2250.0,2300.0,2400.0,2300.0,2300.0,2350.0,2400.0,2400.0,2350.0,2375.0,2350.0,2225.0,2350.0,2250.0,2250.0,2450.0,2450.0,2549.0,2500.0,2450.0,2400.0,2400.0,2400.0,2362.5,2425.0,2450.0,2375.0,2250.0,2450.0,2400.0
Bedford Park,Bronx,neighborhood,,,,,,,,,,,,,,,,,,,,,1000.0,,,,,,,,,,1050.0,1025.0,1000.0,,,,,,,,,,,,,1145.0,,,,,1000.0,1075.0,,,1400.0,1400.0,1400.0,1400.0,1400.0,1387.5,1375.0,1400.0,1400.0,1400.0,1275.0,1300.0,1350.0,1450.0,1537.0,1550.0,1450.0,1450.0,1450.0,1450.0,1400.0,1450.0,1375.0,1350.0,1470.5,1475.0,1500.0,1500.0,1462.5,1450.0,1400.0,1400.0,1500.0,1500.0,1550.0,1550.0,1550.0,1550.0,1495.0,1499.0,1582.5,1582.5,1499.0,1350.0
Bedford-Stuyvesant,Brooklyn,neighborhood,1650.0,1650.0,1600.0,1650.0,1650.0,1585.0,1460.0,1450.0,1500.0,1650.0,1650.0,1750.0,1700.0,1600.0,1500.0,1500.0,1500.0,1550.0,1650.0,1650.0,1675.0,1675.0,1800.0,1700.0,1650.0,1650.0,1800.0,1850.0,1800.0,1795.0,1750.0,1750.0,1800.0,1800.0,1850.0,1995.0,1995.0,1950.0,1950.0,1975.0,2000.0,2000.0,2150.0,2200.0,2195.0,2195.0,2195.0,2195.0,2150.0,2150.0,2200.0,2200.0,2200.0,2300.0,2300.0,2350.0,2300.0,2250.0,2300.0,2300.0,2273.0,2250.0,2300.0,2350.0,2350.0,2400.0,2400.0,2475.0,2397.0,2350.0,2350.0,2300.0,2350.0,2349.0,2350.0,2400.0,2450.0,2475.0,2499.0,2495.0,2450.0,2450.0,2400.0,2400.0,2400.0,2350.0,2345.0,2390.0,2400.0,2490.0,2450.0,2475.0,2450.0,2400.0,2400.0,2350.0,2350.0,2300.0
Bellerose,Queens,neighborhood,,,,,,,,,,,,,,,,,,,,,,,,,,,,,,,,,,,,,,,,,,,,,,,,,,,,,,,,,2000.0,,,,2000.0,,,,,,,,,,,,,,,,,,,,,,,,,,,,,,,,,,,,,
Belmont,Bronx,neighborhood,,,,,,,,,,,,,,,,,,,,,,,,,,,,,,,,,,2400.0,2175.0,,,,,,,,1325.0,1299.5,1250.0,1250.0,,,,1075.0,,,,,,,,1322.5,,,1450.0,1725.0,1500.0,,,,1499.0,1500.0,1762.5,1650.0,1750.0,1550.0,1600.0,,1400.0,1475.0,1435.0,1550.0,1625.0,1700.0,1700.0,1700.0,1650.0,1775.0,1660.0,1670.0,1700.0,1675.0,1690.0,1699.5,1725.0,1750.0,1775.0,1750.0,1700.0,1612.5,1625.0,1625.0
Bensonhurst,Brooklyn,neighborhood,,,,,,,,,,,,,,,1300.0,1300.0,1300.0,1487.5,1375.0,1225.0,,,,,,,,,,,,1500.0,,,,,1450.0,1500.0,,,1275.0,1350.0,1400.0,1450.0,1312.5,1500.0,1500.0,1397.5,1395.0,1397.5,1450.0,1550.0,1600.0,1500.0,1500.0,1575.0,1612.5,1550.0,1500.0,1500.0,1600.0,1725.0,1625.0,1700.0,1697.5,1625.0,1550.0,1600.0,1650.0,1600.0,1700.0,1700.0,1685.0,1700.0,1750.0,1747.5,1800.0,1850.0,1800.0,1900.0,2099.5,2099.0,1875.0,1725.0,2000.0,1895.0,1800.0,1800.0,1700.0,1800.0,1700.0,1900.0,1737.5,1750.0,1712.5,1767.5,1700.0,1772.5
Bergen Beach,Brooklyn,neighborhood,,,,,,,,,,,,,,,,,,,,,,,,,,,,,,,,,,,,,,,,,,,,,,,,,,,,,,,,,2025.0,1995.0,1950.0,1950.0,,,,,,,,,,,,,,,,,,,,,,2000.0,2000.0,,,2075.0,2000.0,2000.0,,,,2299.0,,,2150.0,,,
Boerum Hill,Brooklyn,neighborhood,2550.0,2700.0,2600.0,2500.0,2500.0,2475.0,2462.5,2500.0,2725.0,2725.0,2775.0,2675.0,2600.0,3000.0,3375.0,3000.0,3597.5,2800.0,2800.0,2800.0,2500.0,2997.5,2800.0,3800.0,3500.0,3500.0,3000.0,3262.5,2700.0,2850.0,3047.5,3200.0,3275.0,3075.0,3000.0,3200.0,3100.0,3000.0,3000.0,3100.0,3300.0,3300.0,3200.0,3500.0,4025.0,3600.0,3050.0,3000.0,3025.0,3300.0,3200.0,3400.0,2999.0,3012.5,3045.5,3000.0,3000.0,2997.5,2899.5,2899.0,2800.0,2850.0,3100.0,2800.0,2800.0,2950.0,2897.5,2850.0,2985.0,2900.0,2813.0,2750.0,2800.0,2900.0,3066.0,3400.0,3500.0,3300.0,3200.0,3000.0,2925.0,2800.0,2841.0,2900.0,2925.0,3092.0,2995.0,2995.0,3102.0,3025.0,3200.0,3250.0,3300.0,3200.0,3000.0,3187.5,3016.5,3033.0
Borough Park,Brooklyn,neighborhood,,,,,,,,,,,,,,1225.0,1200.0,1150.0,1175.0,,,1300.0,,,,,,,,,1400.0,,1300.0,,,,,,,,,,,,,,,,1445.0,1312.5,1475.0,1700.0,1750.0,1800.0,1700.0,1695.0,1690.0,1700.0,1695.0,1525.0,1500.0,1500.0,1550.0,1595.0,1595.0,1699.0,1650.0,1600.0,1595.0,1550.0,1850.0,1800.0,1750.0,1824.5,1595.0,1650.0,1700.0,1750.0,1750.0,1900.0,1900.0,1800.0,2088.0,1862.5,1800.0,2025.0,2000.0,1995.0,1750.0,1800.0,1700.0,1750.0,1725.0,1795.0,1800.0,1900.0,1800.0,1650.0,1670.0,1650.0
Bowne Park,Queens,neighborhood,,,,,,,,,,,,,,,,,,,,,,,,,,,,,,,,,,,,,,,,,,,,,,,,,,,,,,,,,,,,,,,,,,,,,,,,,,,,,,,,,,,,,,,,,,,,,,,,,,
Briarwood,Queens,neighborhood,,,,,,,,,,,,,,,,,,,,,,,,,,,,,,,,,,,,,1450.0,1462.5,,1550.0,1600.0,1462.5,1550.0,1450.0,,1595.0,1550.0,1525.0,1600.0,1600.0,1597.5,1525.0,1595.0,1637.5,1637.5,1650.0,1675.0,1742.0,1662.5,1695.0,1662.5,1650.0,1672.0,1649.0,1700.0,1775.0,1750.0,1747.5,1700.0,1737.5,1712.5,1750.0,1700.0,1737.5,1725.0,1775.0,1800.0,1712.5,1750.0,1685.0,1665.0,1695.0,1685.0,1695.0,1650.0,1700.0,1700.0,1710.0,1700.0,1700.0,1700.0,1750.0,1700.0,1799.0,1849.0,1799.0,1772.5,1725.0
Brighton Beach,Brooklyn,neighborhood,,,,,,,,,,,,,,1311.0,1287.5,,1200.0,1350.0,,,1325.0,1300.0,,,,,,,1725.0,1612.5,1650.0,1662.5,1700.0,1700.0,1800.0,1900.0,2200.0,2300.0,1900.0,1775.0,1802.0,1813.5,1775.0,1800.0,2015.5,2150.0,2031.0,1985.0,2200.0,1784.0,2000.0,1900.0,2000.0,1850.0,1900.0,1900.0,2125.0,1800.0,1800.0,1637.5,1750.0,1825.0,1825.0,1995.0,2100.0,2250.0,1997.5,1950.0,1997.5,2247.5,2300.0,2000.0,1875.0,1950.0,1950.0,1949.5,1875.0,1875.0,1862.5,1900.0,1900.0,2000.0,2100.0,2300.0,2200.0,2100.0,2200.0,2150.0,2100.0,2100.0,2250.0,2100.0,2050.0,2075.0,2095.0,2025.0,2037.5,2025.0
Bronx,Bronx,borough,1612.5,1600.0,1575.0,1600.0,1675.0,1600.0,1650.0,1825.0,1700.0,1500.0,1600.0,1600.0,1595.0,1525.0,1625.0,1600.0,1500.0,1450.0,1550.0,1500.0,1362.5,1397.0,1399.0,1399.0,1425.0,1550.0,1500.0,1500.0,1450.0,1400.0,1499.0,1499.5,1400.0,1499.5,1597.5,1500.0,1425.0,1400.0,1475.0,1500.0,1564.0,1525.0,1500.0,1575.0,1550.0,1450.0,1499.0,1524.5,1492.0,1550.0,1600.0,1600.0,1600.0,1700.0,1550.0,1500.0,1475.0,1425.0,1450.0,1450.0,1450.0,1475.0,1500.0,1500.0,1499.5,1500.0,1500.0,1600.0,1600.0,1595.0,1600.0,1600.0,1600.0,1600.0,1550.0,1600.0,1625.0,1699.0,1700.0,1700.0,1699.5,1697.5,1650.0,1699.5,1695.0,1674.0,1750.0,1700.0,1725.0,1750.0,1750.0,1750.0,1750.0,1791.5,1781.0,1748.0,1787.0,1820.0
Bronxwood,Bronx,neighborhood,,,,,,,,,,,,,,,,,,,,,,,,,,,,,,,,,,,,,,,,,,,,,,,,,,,,,,,,,,,,,,,,,,,,,,,,,,,,,,,,,1612.5,1515.0,1450.0,1450.0,1500.0,1537.5,1525.0,1525.0,1650.0,1500.0,1500.0,1600.0,,1475.0,1500.0,1500.0,1650.0,1575.0
Brooklyn,Brooklyn,borough,2200.0,2150.0,2150.0,2150.0,2200.0,2250.0,2300.0,2300.0,2400.0,2392.5,2200.0,2150.0,2100.0,2000.0,2100.0,2160.0,2200.0,2300.0,2350.0,2400.0,2450.0,2450.0,2400.0,2450.0,2462.5,2450.0,2500.0,2500.0,2500.0,2500.0,2500.0,2500.0,2650.0,2600.0,2600.0,2700.0,2500.0,2500.0,2500.0,2500.0,2500.0,2600.0,2600.0,2700.0,2699.5,2600.0,2500.0,2550.0,2500.0,2500.0,2500.0,2535.0,2600.0,2600.0,2600.0,2600.0,2599.0,2500.0,2500.0,2500.0,2500.0,2550.0,2550.0,2550.0,2550.0,2575.0,2600.0,2650.0,2600.0,2550.0,2500.0,2500.0,2590.0,2550.0,2590.0,2600.0,2650.0,2650.0,2650.0,2650.0,2600.0,2600.0,2500.0,2500.0,2500.0,2500.0,2495.0,2500.0,2500.0,2550.0,2597.0,2625.0,2595.0,2500.0,2497.0,2450.0,2450.0,2450.0
Brooklyn Heights,Brooklyn,neighborhood,2350.0,2300.0,2400.0,2200.0,2400.0,2250.0,2600.0,2900.0,3080.0,3400.0,2637.5,2650.0,2608.0,3200.0,3250.0,3200.0,2450.0,2775.0,2950.0,3000.0,3050.0,2987.5,2900.0,2700.0,2750.0,2700.0,2700.0,2500.0,2900.0,3175.0,3350.0,3500.0,3400.0,3200.0,3000.0,2787.5,2826.0,3000.0,3300.0,2995.0,3133.5,3100.0,3500.0,3390.0,3332.0,3281.0,3100.0,3051.0,3000.0,2995.0,2995.0,3000.0,3097.5,2800.0,2815.0,3000.0,2885.0,2975.0,3000.0,2855.0,2750.0,2900.0,2900.0,3070.0,2950.0,2972.5,3200.0,3277.5,3155.0,3195.0,3225.0,2882.5,3065.0,3300.0,3200.0,3000.0,3160.0,3150.0,3100.0,3180.0,3300.0,3200.0,3195.0,3400.0,3451.0,3375.0,3200.0,3195.0,3000.0,3100.0,3050.0,2995.0,2999.5,3100.0,3000.0,3175.0,3200.0,3100.0
Brookville,Queens,neighborhood,,,,,,,,,,,,,,,,,,,,,,,,,,,,,,,,,,,,,,,,,,,,,,,,,,,,,,,,,,,,,,,,,,,,,,,,,,,,,,,,,,,,,,,,,,,,,,,,,,
Brownsville,Brooklyn,neighborhood,,,,,,,,,,,,,,,,,,,,,,,,,,,,,,,,,,,,,,1450.0,1450.0,1450.0,1450.0,1450.0,1400.0,1500.0,1325.0,1295.0,1400.0,,1225.0,1325.0,1350.0,1300.0,1300.0,1375.0,1375.0,1400.0,1350.0,1350.0,1500.0,1400.0,1312.5,1312.5,1360.0,1400.0,1500.0,1500.0,1500.0,1500.0,1600.0,1599.0,1500.0,1612.5,1600.0,1600.0,1607.5,1600.0,1500.0,1650.0,1650.0,1650.0,1695.0,1650.0,1650.0,1700.0,1750.0,1750.0,1697.5,1800.0,1750.0,1800.0,1800.0,1700.0,1700.0,1795.0,1775.0,1697.5,1700.0,1750.0
Bushwick,Brooklyn,neighborhood,1500.0,1470.0,1500.0,1800.0,1875.0,1525.0,1500.0,1500.0,1500.0,1500.0,1450.0,1500.0,1695.0,1695.0,1695.0,1700.0,1700.0,1600.0,1900.0,1925.0,1500.0,1725.0,1800.0,1775.0,1712.5,1750.0,1800.0,1830.0,1830.0,1975.0,2012.5,2000.0,2150.0,2000.0,2000.0,2000.0,2100.0,2150.0,2200.0,2375.0,2247.5,2100.0,2200.0,2395.0,2385.0,2400.0,2397.0,2300.0,2250.0,2250.0,2300.0,2400.0,2400.0,2450.0,2450.0,2490.0,2500.0,2400.0,2399.0,2385.0,2400.0,2495.0,2500.0,2500.0,2550.0,2550.0,2575.0,2600.0,2600.0,2575.0,2500.0,2499.0,2500.0,2600.0,2610.0,2600.0,2650.0,2666.5,2600.0,2600.0,2600.0,2500.0,2500.0,2492.0,2450.0,2452.0,2500.0,2550.0,2599.5,2600.0,2650.0,2650.0,2599.0,2500.0,2499.0,2475.0,2461.0,2499.0
Cambria Heights,Queens,neighborhood,,,,,,,,,,,,,,,,,,,,,,,,,,,,,,,,,,,,,,,,,,,,,,,,,,,,,,,,,,,,,,,,,,,,,,,,,,,,,,,,,,,,,,,,,,,,,,,,,,
Canarsie,Brooklyn,neighborhood,,,,,,,,,,,,,,,,,,,1525.0,,,,,,,,,,,,,,,,,,,,,,,,,,1595.0,,,,,,,,1350.0,1375.0,1475.0,1350.0,,1800.0,1500.0,1800.0,1750.0,1500.0,1600.0,1700.0,1700.0,1800.0,1850.0,1850.0,1850.0,1850.0,1850.0,1800.0,1800.0,1800.0,1800.0,1799.0,1862.5,1800.0,1812.5,1800.0,1900.0,1837.5,1800.0,1862.5,2200.0,1850.0,1750.0,2150.0,2100.0,2100.0,2100.0,1825.0,1900.0,1850.0,1900.0,2075.0,2197.0,2100.0
Carroll Gardens,Brooklyn,neighborhood,2275.0,2225.0,2275.0,2200.0,2200.0,2200.0,2250.0,2200.0,2250.0,2250.0,2200.0,2250.0,2400.0,2250.0,2250.0,2400.0,2800.0,2800.0,2550.0,3150.0,3425.0,2900.0,2500.0,2600.0,2800.0,2750.0,3797.5,3400.0,3600.0,3407.5,2900.0,3750.0,3550.0,3400.0,3250.0,3000.0,3400.0,3175.0,3200.0,3450.0,2750.0,2900.0,2900.0,3300.0,2895.0,3000.0,3400.0,3300.0,2800.0,2800.0,2800.0,2800.0,2900.0,2800.0,2800.0,2900.0,3000.0,3000.0,3000.0,2875.0,2875.0,2800.0,2900.0,2950.0,2950.0,3050.0,3000.0,3050.0,3050.0,2997.5,3000.0,3000.0,2995.0,2887.5,2950.0,2995.0,3150.0,3000.0,3200.0,3000.0,3000.0,3100.0,3000.0,2900.0,2999.5,2800.0,2800.0,2800.0,2837.5,2800.0,2900.0,2900.0,2800.0,2947.5,2895.0,2850.0,2850.0,2900.0
Castle Hill,Bronx,neighborhood,,,,,,,,,,,,,,,,,,,,,,,,,,,,,,,,,,,,,,,,,,,,,,,,,,,,,,,,,,,,1479.0,1497.5,,,,,,,,,1300.0,,,1450.0,1450.0,,1525.0,,,,1475.0,1475.0,1475.0,1500.0,1625.0,1795.0,1496.0,1700.0,1650.0,1700.0,1495.0,1450.0,1525.0,1850.0,1900.0,1800.0,1800.0,1850.0,
Central Harlem,Manhattan,neighborhood,1992.5,1995.0,1895.0,1897.5,1900.0,1950.0,1850.0,1800.0,1850.0,1850.0,1800.0,1750.0,1792.5,1800.0,1895.0,1950.0,2095.0,2079.0,2097.5,2050.0,2000.0,1995.0,2150.0,2000.0,1997.5,2000.0,2037.5,2125.0,2100.0,1982.5,2197.5,2295.0,2200.0,2000.0,2100.0,2000.0,2000.0,2000.0,2100.0,2107.5,2150.0,2175.0,2200.0,2276.0,2275.0,2200.0,2200.0,2100.0,2100.0,2085.0,2000.0,2100.0,2200.0,2100.0,2200.0,2275.0,2300.0,2385.0,2375.0,2350.0,2350.0,2400.0,2395.0,2300.0,2300.0,2300.0,2300.0,2325.0,2300.0,2350.0,2300.0,2400.0,2400.0,2350.0,2400.0,2475.0,2400.0,2400.0,2450.0,2500.0,2500.0,2500.0,2500.0,2495.0,2475.0,2395.0,2345.0,2350.0,2399.5,2400.0,2495.0,2500.0,2450.0,2395.0,2380.0,2385.0,2400.0,2450.0
Central Park South,Manhattan,neighborhood,6000.0,6000.0,5500.0,6500.0,6500.0,5800.0,5650.0,6000.0,6500.0,6500.0,6500.0,6500.0,6500.0,6500.0,5600.0,5700.0,6500.0,5000.0,4900.0,5550.0,5975.0,5800.0,5925.0,5700.0,5500.0,5995.0,5800.0,6100.0,5000.0,5500.0,6375.0,6500.0,6650.0,6500.0,7195.0,6400.0,6650.0,7850.0,7850.0,7850.0,7500.0,7500.0,7900.0,7925.0,8625.0,7825.0,7825.0,8000.0,7935.0,7850.0,6800.0,6500.0,7500.0,6800.0,7500.0,7500.0,7500.0,7500.0,7850.0,7825.0,7500.0,7862.5,7850.0,7500.0,7500.0,7675.0,7850.0,8225.0,8225.0,8500.0,7997.5,7997.5,8000.0,7862.5,7875.0,7995.0,7900.0,7650.0,7650.0,7475.0,7500.0,7500.0,7500.0,7500.0,7500.0,7280.0,7165.0,7000.0,7237.5,7800.0,7650.0,8500.0,7800.0,7810.0,7125.0,6923.0,7660.0,7860.0
Central Queens,Queens,submarket,1512.5,1485.0,1500.0,1500.0,1300.0,1350.0,1350.0,1312.5,1350.0,1350.0,1350.0,1372.5,1400.0,1350.0,1500.0,1550.0,1550.0,1550.0,1550.0,1550.0,1595.0,1600.0,1575.0,1650.0,1650.0,1772.5,1925.0,1900.0,1750.0,1750.0,1775.0,1695.0,1650.0,1900.0,1862.5,1900.0,1795.0,1800.0,1725.0,1780.0,1725.0,1700.0,1800.0,1800.0,1850.0,1895.0,1875.0,1800.0,1795.0,1800.0,1812.5,1799.0,1750.0,1850.0,1850.0,1900.0,1896.0,1850.0,1900.0,1900.0,1900.0,1950.0,1900.0,1900.0,1950.0,2000.0,2000.0,2000.0,2000.0,2000.0,2052.0,2050.0,2000.0,2050.0,1995.0,2000.0,2100.0,2100.0,2195.0,2200.0,2150.0,2100.0,2100.0,2150.0,2100.0,2100.0,2050.0,2000.0,2000.0,2100.0,2195.0,2150.0,2100.0,2067.5,2000.0,2000.0,2000.0,2000.0
Chelsea,Manhattan,neighborhood,3200.0,3400.0,3295.0,3250.0,3200.0,3395.0,3410.0,3450.0,3600.0,3572.5,3500.0,3352.5,3295.0,3295.0,3450.0,3480.0,3465.0,3480.0,3500.0,3495.0,3600.0,3795.0,3637.5,3500.0,3495.0,3500.0,3600.0,3600.0,3795.0,3842.5,3625.0,3600.0,3700.0,3572.5,3720.0,3725.0,3695.0,3692.5,3600.0,3750.0,3750.0,3700.0,3725.0,3800.0,3900.0,3930.0,3790.0,3726.0,3980.0,3985.0,3900.0,3745.0,3800.0,3750.0,3750.0,3752.5,3795.0,3750.0,3760.0,3800.0,3800.0,3789.5,3825.0,3991.5,3995.0,4000.0,4095.0,4050.0,4000.0,4100.0,3895.0,3895.0,3895.0,3895.0,3915.0,3995.0,4125.0,4195.0,4097.5,4000.0,4000.0,4000.0,3995.0,3937.0,3895.0,3950.0,3950.0,3950.0,3975.0,3900.0,3900.0,3800.0,3847.5,3950.0,3975.0,3945.0,3950.0,4000.0
Chinatown,Manhattan,neighborhood,2900.0,2900.0,2550.0,2200.0,2200.0,2200.0,2500.0,2700.0,2950.0,2350.0,2900.0,3166.0,3166.0,2900.0,2800.0,2400.0,2400.0,3250.0,2500.0,2450.0,3150.0,3200.0,2425.0,2475.0,3150.0,2575.0,2522.5,2550.0,2500.0,2425.0,2425.0,2900.0,2697.5,2600.0,2600.0,2377.5,2750.0,2725.0,2675.0,2800.0,3100.0,2700.0,2650.0,2600.0,3300.0,3000.0,2650.0,2600.0,2850.0,2500.0,2500.0,2600.0,2800.0,2947.5,2800.0,2787.5,2700.0,2922.5,2800.0,2700.0,2600.0,2700.0,2850.0,2775.0,2800.0,2795.0,2647.0,2850.0,2700.0,2700.0,2700.0,2750.0,2650.0,2650.0,2650.0,2900.0,2800.0,2800.0,2800.0,2825.0,2895.0,2922.5,2950.0,3000.0,2840.0,2800.0,2700.0,2875.0,3000.0,2800.0,2895.0,2600.0,2600.0,2647.5,2695.0,2795.0,2600.0,2667.5
City Island,Bronx,neighborhood,,,,,,,,,,,,,,,,,,,,,,,,,,,,,,,,,,,,,,,,,,,,,,,,,,,,,,,,,,,,,,,,,,,,,,,,,,,,,,,,,,,,,,,,,,,,,,,,,,
Civic Center,Manhattan,neighborhood,,,,,,,,,,,,,,,,,,,,,,,,,,,,,,,,,,,,,,,,,,,,,,,,,,,,,,,,,,,,,,,,,,,,,,,,,,,,,,,,,,,,,,,,,,,,,,,,,,
Clearview,Queens,neighborhood,,,,,,,,,,,,,,,,,,,,,,,,,,,,,,,,,,,,,,,,,,,,,,,,,,,,,,,,,,,,,,,,,,,,,,,,,,,,,,,,,,,,,,,,,,2025.0,2075.0,,,1425.0,1800.0,,,
Clinton Hill,Brooklyn,neighborhood,2085.0,1950.0,1975.0,2000.0,2125.0,1900.0,1882.5,2050.0,2300.0,2269.0,2100.0,2059.0,2200.0,2284.5,2300.0,2350.0,2350.0,2300.0,2272.5,2300.0,2500.0,2500.0,2495.0,2600.0,2650.0,2762.5,2695.0,2750.0,2550.0,2675.0,2800.0,3000.0,3000.0,3000.0,2900.0,2850.0,2562.5,2650.0,2585.0,2575.0,2600.0,2600.0,2500.0,2500.0,2500.0,2500.0,2650.0,2700.0,2699.0,2550.0,2597.5,2650.0,2700.0,2700.0,2750.0,2800.0,2775.0,2700.0,2600.0,2700.0,2700.0,2700.0,2695.0,2695.0,2750.0,2640.5,2695.0,2700.0,2849.0,2750.0,2700.0,2650.0,2699.0,2700.0,2679.0,2650.0,2700.0,2700.0,2700.0,2700.0,2750.0,2755.0,2750.0,2600.0,2600.0,2650.0,2625.0,2600.0,2700.0,2700.0,2700.0,2600.0,2585.0,2762.5,2711.0,2735.0,2699.5,2617.0
Co-op City,Bronx,neighborhood,,,,,,,,,,,,,,,,,,,,,,,,,,,,,,,,,,,,,,,,,,,,,,,,,,,,,,,,,,,,,,,,,,,,,,,,,,,,,,,,,,,,,,,,,,,,,,,,,,
Cobble Hill,Brooklyn,neighborhood,1900.0,2350.0,2225.0,2340.0,2400.0,2345.0,2450.0,2450.0,2600.0,2600.0,2625.0,2600.0,2500.0,2450.0,2500.0,2900.0,2885.0,2900.0,2750.0,3150.0,3235.0,3000.0,3100.0,3200.0,3000.0,2900.0,3050.0,2900.0,2800.0,2590.0,3025.0,3200.0,3000.0,2895.0,3150.0,3200.0,3000.0,2875.0,2850.0,3100.0,3150.0,3475.0,3400.0,3150.0,3100.0,3050.0,2922.5,2800.0,2950.0,3100.0,2900.0,2800.0,3100.0,3500.0,3315.0,3277.0,3100.0,3100.0,3100.0,3150.0,3100.0,2972.5,2992.5,3150.0,3150.0,3000.0,3200.0,3350.0,3295.0,3300.0,3200.0,3200.0,3210.0,3125.0,3150.0,3175.0,3250.0,3250.0,3100.0,3250.0,3050.0,3150.0,2997.5,2845.0,2750.0,2829.5,2750.0,2662.5,3000.0,2995.0,3000.0,3300.0,3200.0,3200.0,3112.5,3050.0,3081.5,2999.0
College Point,Queens,neighborhood,,,,,,,,,,,,,,,,,,,,,,,,,,,,,,,,,,,,,,,,,,,,,,,,,,,,,,,,,,,,,,,,,,,,,,,,,,,,,,,,,,,,2200.0,,,,,,2200.0,2200.0,,,,,,,
Columbia St Waterfront District,Brooklyn,neighborhood,2000.0,,,,2550.0,2500.0,2500.0,2450.0,2700.0,,2200.0,,2000.0,2200.0,2200.0,2200.0,2200.0,,2450.0,2525.0,,2600.0,,,2400.0,2450.0,2600.0,,2775.0,2500.0,2550.0,2500.0,2500.0,3000.0,2925.0,3300.0,2600.0,2625.0,3150.0,3075.0,3150.0,3350.0,3500.0,3500.0,2600.0,2500.0,2725.0,2500.0,2750.0,2700.0,2800.0,2700.0,2800.0,2800.0,2900.0,2325.0,2125.0,2295.0,2800.0,2800.0,2800.0,2750.0,2750.0,2750.0,2700.0,2500.0,2600.0,2500.0,2750.0,2800.0,2825.0,2750.0,2850.0,2897.5,3000.0,2900.0,3200.0,3049.5,3300.0,2895.0,2999.0,2895.0,2895.0,2700.0,2700.0,2662.5,2662.5,2500.0,2600.0,2699.0,2700.0,2700.0,2775.0,2800.0,2790.0,2700.0,2700.0,2700.0
Concourse,Bronx,neighborhood,,,,,,,,,,1425.0,,,1312.5,,1500.0,,,1350.0,,1350.0,1250.0,1100.0,1199.0,1100.0,1300.0,1325.0,1300.0,1299.5,1350.0,1400.0,1475.0,1375.0,1300.0,1375.0,1350.0,1399.0,1399.5,1400.0,1400.0,1400.0,1500.0,1500.0,,1500.0,1497.5,1425.0,1387.5,1425.0,1450.0,1400.0,1491.0,1425.0,1450.0,1275.0,1450.0,1499.5,1500.0,1500.0,1500.0,1350.0,1295.0,1400.0,1550.0,1425.0,1450.0,1600.0,1550.0,1500.0,1600.0,1600.0,1550.0,1450.0,1500.0,1500.0,1495.0,1550.0,1487.5,1599.5,1650.0,1600.0,1650.0,1600.0,1525.0,1550.0,1520.0,1497.5,1674.0,1675.0,1600.0,1550.0,1558.0,1650.0,1722.0,1795.0,1650.0,1600.0,1595.0,1862.5
Coney Island,Brooklyn,neighborhood,,,,,,,,,,,,,,,,,,,,,,,,,,,,,,,,,,1725.0,1550.0,,1800.0,1900.0,1775.0,1980.0,1850.0,1700.0,1700.0,1487.0,1485.0,1550.0,1475.0,1650.0,1600.0,1700.0,1815.5,1600.0,1675.0,,1675.0,2225.0,2075.0,2050.0,2125.0,2125.0,1999.0,1999.0,1950.0,1950.0,1987.5,2000.0,2000.0,1999.5,1995.0,1995.0,2075.0,2037.5,2200.0,2077.5,2150.0,2125.0,2100.0,1971.0,2131.0,2200.0,2200.0,2200.0,2197.5,2200.0,2325.0,2325.0,2150.0,2200.0,2112.5,2099.5,2099.5,1900.0,2150.0,2200.0,2195.0,2195.0,2075.0,2197.5
Corona,Queens,neighborhood,1100.0,1097.5,1095.0,1095.0,1150.0,1150.0,1150.0,1150.0,1150.0,1150.0,1150.0,1150.0,1150.0,1150.0,950.0,950.0,950.0,950.0,950.0,950.0,950.0,950.0,950.0,,,,,,,,,,,,,,,,,,,,,,,,,,,,,1500.0,1500.0,1493.0,1500.0,1500.0,1425.0,1500.0,1650.0,1550.0,1550.0,1537.5,1550.0,1600.0,1650.0,1650.0,1650.0,1650.0,1662.5,1695.0,1650.0,1695.0,1695.0,1850.0,1710.0,1782.5,1785.0,1770.0,1712.5,1937.5,1947.5,1982.5,1892.5,1850.0,1850.0,1765.0,1802.5,1842.5,1890.0,1887.5,1975.0,1825.0,1785.0,1820.0,1905.0,1950.0,1885.0,1840.0
Country Club,Bronx,neighborhood,,,,,,,,,,,,,,,,,,,,,,,,,,,,,,,,,,,,,,,,,,,,,,,,,,,,,,,,,,,,,,,,,,,,,,,,,,,,,,,,,,,,,,,,,,,,,,,,,,
Crotona Park East,Bronx,neighborhood,,,,,,,,,,,,,,,,,,,,,,,,,,,,,,,,,,,,,,,,,,,,,,,,,,,,,,,,,,,,,,,,,,,,,,,,,,,,,,,,,,,,,,,,,,,,,,,,,,
Crown Heights,Brooklyn,neighborhood,2000.0,2125.0,2150.0,2050.0,1900.0,1825.0,1500.0,1500.0,1500.0,1512.5,1550.0,1575.0,1600.0,1600.0,1550.0,1600.0,1692.5,1850.0,1850.0,1650.0,1800.0,1700.0,1700.0,1685.0,1895.0,2000.0,1950.0,2000.0,1917.0,1850.0,1900.0,1935.0,1942.5,1911.0,1935.5,1895.0,1900.0,2000.0,1999.5,2100.0,2100.0,2100.0,2100.0,2100.0,2115.5,2200.0,2199.0,2000.0,2100.0,2000.0,2200.0,2240.0,2400.0,2350.0,2372.5,2300.0,2235.0,2200.0,2200.0,2150.0,2200.0,2250.0,2200.0,2300.0,2300.0,2300.0,2399.0,2400.0,2300.0,2300.0,2250.0,2300.0,2300.0,2350.0,2400.0,2400.0,2400.0,2450.0,2495.0,2499.0,2432.5,2400.0,2300.0,2294.5,2290.0,2300.0,2300.0,2300.0,2300.0,2399.0,2450.0,2499.0,2450.0,2400.0,2390.5,2350.0,2300.0,2300.0
DUMBO,Brooklyn,neighborhood,3275.0,3200.0,2825.0,2875.0,2800.0,2875.0,3350.0,3825.0,4300.0,4200.0,4250.0,4200.0,4100.0,3950.0,3550.0,3650.0,3500.0,4000.0,4150.0,4000.0,4000.0,4000.0,4050.0,3775.0,4125.0,4200.0,4300.0,3500.0,3650.0,3700.0,4100.0,4300.0,4300.0,4300.0,4425.0,4100.0,4200.0,3500.0,3650.0,4150.0,4000.0,3800.0,3750.0,3937.5,3850.0,3650.0,3800.0,3795.0,4000.0,3875.0,4000.0,4000.0,4100.0,4150.0,4150.0,4227.0,4202.0,4275.0,4177.0,4100.0,3909.0,3935.0,4400.0,3950.0,3900.0,4056.0,4132.5,4372.5,4510.0,4300.0,4460.0,4572.5,4250.0,4074.0,4100.0,4275.0,4800.0,4700.0,4800.0,4370.0,4213.0,4500.0,4650.0,4354.0,4410.0,4750.0,4558.5,4450.0,4472.5,4364.5,4500.0,4195.0,4500.0,4334.0,4500.0,4426.0,4154.0,4148.0
Ditmas Park,Brooklyn,neighborhood,1600.0,,1850.0,1500.0,,,2100.0,,,,1637.5,,1595.0,1572.5,1600.0,1550.0,1600.0,1724.5,1750.0,1675.0,1575.0,1650.0,1600.0,1575.0,1600.0,1600.0,1700.0,1750.0,1675.0,1597.5,1750.0,1750.0,1725.0,1700.0,1600.0,1700.0,1700.0,1600.0,1600.0,1675.0,2200.0,1700.0,1975.0,1700.0,1775.0,1550.0,1600.0,1800.0,1750.0,1737.5,1625.0,1725.0,1850.0,1899.0,1900.0,1900.0,1750.0,1825.0,1675.0,1800.0,1850.0,1850.0,1850.0,1850.0,1925.0,2075.0,2100.0,2045.0,1995.0,2047.5,1999.0,2000.0,1950.0,1900.0,1900.0,1912.5,2000.0,1999.0,1999.0,1995.0,1975.0,1950.0,1900.0,1900.0,1912.5,1997.0,1995.0,1999.0,2000.0,2000.0,1999.0,1999.0,2195.0,2199.0,1899.0,1997.0,1999.0,2172.5
Douglaston,Queens,neighborhood,,,,,,,,,,,,,,,,,,,,,,,,,,,,,,,,,,,,,,,,,,,,,,1950.0,1900.0,2200.0,,,,,,,,,,,,1500.0,,,,,,,,,,,,,,,,,,,,,,,,,,,,,,,2400.0,,,,,,,
Downtown Brooklyn,Brooklyn,neighborhood,2247.0,2227.0,2195.0,2250.0,2400.0,2474.0,2550.0,2572.0,2558.0,2505.0,2560.0,2500.0,2600.0,2497.5,2450.0,2474.0,2341.0,2415.0,2500.0,2516.0,2500.0,2497.5,2580.0,2697.5,2500.0,2443.0,2510.5,2451.0,2625.0,2800.0,2800.0,2835.0,2850.0,2800.0,2922.5,3000.0,3000.0,2925.0,2915.0,2900.0,2895.0,2865.0,2900.0,3000.0,2890.0,2910.0,2850.0,2905.0,2900.0,3025.0,2950.0,2895.0,2900.0,2940.0,2985.0,3090.0,3100.0,3175.5,3200.0,3162.5,3180.5,3235.0,3277.5,3225.0,3240.0,3200.0,3189.5,3179.5,3195.0,3190.0,3107.5,3115.0,3117.5,3102.5,3151.0,3158.0,3132.0,3158.0,3175.0,3150.0,3077.5,3092.5,3111.0,3055.0,3051.0,3131.5,3052.5,3140.0,3120.5,3118.0,3195.0,3228.0,3188.0,3195.0,3092.0,3150.0,3185.0,3254.0
Dyker Heights,Brooklyn,neighborhood,,,,,1200.0,,,,,1295.0,1295.0,,1400.0,1300.0,1300.0,1250.0,1325.0,1300.0,1350.0,1300.0,1450.0,1425.0,1600.0,,1400.0,1600.0,,,,,,,,,,,,1395.0,,1200.0,1225.0,,,,,,1825.0,,,1700.0,1600.0,1600.0,,1550.0,1450.0,1800.0,1800.0,1750.0,2100.0,2100.0,1800.0,1825.0,1850.0,1900.0,1900.0,2100.0,2100.0,1950.0,1950.0,1925.0,1900.0,1825.0,1925.0,2100.0,1972.5,2175.0,1950.0,1995.0,2200.0,2200.0,2300.0,2200.0,2200.0,2200.0,2197.5,2200.0,2197.5,2100.0,1999.0,1925.0,1950.0,1850.0,2049.5,1995.0,2192.5,2100.0,2197.5,2000.0
East Brooklyn,Brooklyn,submarket,1700.0,1725.0,1650.0,1750.0,1750.0,1600.0,1500.0,1497.0,1500.0,1550.0,1600.0,1650.0,1695.0,1600.0,1695.0,1637.5,1695.0,1650.0,1700.0,1650.0,1700.0,1675.0,1750.0,1700.0,1700.0,1750.0,1800.0,1850.0,1800.0,1800.0,1800.0,1820.0,1875.0,1810.0,1897.5,1900.0,1975.0,1995.0,1950.0,1997.0,2062.5,2050.0,2100.0,2200.0,2199.0,2200.0,2200.0,2199.0,2150.0,2100.0,2200.0,2250.0,2300.0,2350.0,2325.0,2350.0,2300.0,2250.0,2295.0,2253.0,2250.0,2300.0,2314.0,2395.0,2400.0,2400.0,2475.0,2499.0,2400.0,2400.0,2350.0,2333.0,2350.0,2400.0,2400.0,2412.0,2500.0,2500.0,2500.0,2500.0,2499.0,2450.0,2400.0,2395.0,2350.0,2350.0,2350.0,2399.0,2400.0,2495.0,2500.0,2500.0,2495.0,2446.0,2400.0,2390.0,2383.0,2350.0
East Elmhurst,Queens,neighborhood,,,,,,,,,,,,,,,,,,,,,,,,,,,,,,,,,,,,,,,,,,,,,,,,,,,,2150.0,2150.0,,,,,,,,,,,,,,,,,,,,,,,,,,,,,,,,,,,,,,,,,,,,,
East Flatbush,Brooklyn,neighborhood,2000.0,1700.0,2100.0,2400.0,,,2350.0,2350.0,2350.0,2200.0,,1100.0,1075.0,1475.0,1447.5,1725.0,1775.0,1775.0,2275.0,2450.0,2450.0,2450.0,1800.0,,1800.0,1587.5,1600.0,1600.0,1600.0,1600.0,2197.5,1807.5,1475.0,1225.0,,1272.5,1295.0,1295.0,1325.0,1450.0,1800.0,1650.0,1650.0,1700.0,1600.0,1400.0,1650.0,1650.0,1650.0,1800.0,1512.5,1575.0,1900.0,1900.0,1750.0,1650.0,1475.0,1400.0,1400.0,1400.0,1400.0,1450.0,1450.0,1500.0,1625.0,1700.0,1795.0,1895.0,2000.0,1800.0,1712.5,1650.0,1800.0,1895.0,1849.0,1847.5,1800.0,1850.0,1850.0,1900.0,1900.0,1999.5,1972.5,1850.0,1850.0,2000.0,2000.0,2000.0,1999.0,1999.0,2050.0,2100.0,2000.0,1925.0,1949.0,1999.5,2062.5,2085.0
East Harlem,Manhattan,neighborhood,1850.0,1880.0,1864.5,1900.0,1950.0,1975.0,2095.0,2165.0,2185.0,2165.0,2162.5,2175.0,2125.0,1995.0,2000.0,1990.0,1895.0,1900.0,1885.0,1899.0,1897.0,1950.0,1900.0,1995.0,2195.0,2100.0,1999.0,2050.0,2100.0,2095.0,2095.0,2172.5,2150.0,2150.0,2100.0,2215.0,2195.0,2250.0,2258.0,2200.0,2258.0,2250.0,2250.0,2200.0,2200.0,2095.0,2019.0,2099.5,2000.0,2100.0,2175.5,2200.0,2200.0,2150.0,2150.0,2099.5,2050.0,2099.5,2100.0,2107.0,2108.0,2195.0,2190.0,2268.0,2292.0,2295.5,2300.0,2275.0,2250.0,2300.0,2300.0,2287.0,2281.0,2292.0,2300.0,2379.0,2444.0,2450.0,2463.0,2400.0,2350.0,2350.0,2400.0,2400.0,2400.0,2370.0,2374.0,2353.0,2395.0,2450.0,2450.0,2400.0,2375.0,2375.0,2300.0,2395.0,2300.0,2345.0
East New York,Brooklyn,neighborhood,,,,,,,,,,,,,,,,,,,,,,,,,,,1100.0,,,,,1350.0,1400.0,1450.0,1512.5,1450.0,1650.0,1650.0,1362.5,1362.5,1547.5,,1500.0,1497.5,1435.0,1350.0,1500.0,1500.0,1497.5,1495.0,1472.5,1500.0,1697.5,1650.0,1600.0,1650.0,1700.0,1775.0,1750.0,1650.0,1650.0,1600.0,1675.0,1600.0,1647.5,1749.0,1900.0,1800.0,1950.0,1850.0,1850.0,1850.0,1725.0,1950.0,1900.0,1900.0,1850.0,1875.0,2100.0,2150.0,2050.0,1899.0,2050.0,2000.0,1975.0,1950.0,2000.0,2000.0,2100.0,2025.0,2050.0,2100.0,1950.0,1850.0,1875.0,1995.0,2000.0,2100.0
East Tremont,Bronx,neighborhood,,,,,,,,,,,,,,,,,,,,,,,,,,,,,,,,,,,,,,,,,,,,,,,,,,1319.0,,1209.0,,,1136.0,1150.0,1200.0,,1475.0,1312.0,1312.0,1320.0,1275.0,1625.0,1487.5,1500.0,,1725.0,1700.0,1775.0,1750.0,1450.0,1425.0,,,,,,,,1700.0,1695.0,,,1500.0,1587.5,1625.0,1850.0,1775.0,1750.0,1750.0,,1700.0,1690.0,,1700.0,1700.0,1700.0
East Village,Manhattan,neighborhood,2542.0,2546.0,2400.0,2500.0,2595.0,2600.0,2650.0,2597.5,2697.5,2795.0,2700.0,2700.0,2700.0,2650.0,2700.0,2750.0,2900.0,2895.0,2800.0,2900.0,3295.0,2995.0,2925.0,2900.0,2985.0,2875.0,2900.0,3000.0,3000.0,3000.0,3050.0,3000.0,2995.0,3000.0,3000.0,3000.0,3100.0,3050.0,3025.0,3100.0,3100.0,3190.0,3150.0,3250.0,3250.0,3100.0,3100.0,3000.0,3000.0,3000.0,3000.0,3000.0,3200.0,3200.0,3250.0,3295.0,3200.0,3150.0,3100.0,3100.0,3000.0,2900.0,2995.0,3100.0,3132.5,3150.0,3200.0,3200.0,3195.0,3150.0,3095.0,3100.0,3150.0,3097.0,3200.0,3250.0,3300.0,3300.0,3299.0,3225.0,3150.0,3100.0,3100.0,3000.0,3000.0,3195.0,3195.0,3361.0,3350.0,3295.0,3277.0,3200.0,3000.0,3010.0,2900.0,2928.0,2995.0,3000.0
Eastchester,Bronx,neighborhood,,,,,,,,,,,,,,,,,,,,,,,,,,,,,,,,,,,,,,,,,,,,,,,,,,,,,,,,,,,,,,,,,,,,,,,,,,,,,,,,,,,,,,,,,,,,,,,,,,
Edenwald,Bronx,neighborhood,,,,,,,,,,,,,,,,,,,,,,,,,,,,,,,,,,,,,,,,,,,,,,,,,,,,,,,,,,,,,,,,,,,,,,,,,,,,,,,,,,,,,,,,,,,,,,,,,,
Elmhurst,Queens,neighborhood,1150.0,1175.0,1225.0,1187.5,,1150.0,,,,,,,1500.0,,,1450.0,1450.0,1495.0,1497.5,1525.0,1550.0,,1532.5,,,,,,,,1550.0,1547.5,1547.5,1950.0,1950.0,1950.0,1900.0,1900.0,1900.0,1900.0,1700.0,1847.5,2150.0,1980.0,1940.0,2080.0,1899.0,1685.0,1795.0,1825.0,1850.0,1850.0,1750.0,1850.0,1900.0,1900.0,1800.0,1700.0,1725.0,1700.0,1700.0,1895.0,1912.0,1900.0,1950.0,2000.0,1825.0,1899.0,1790.0,1750.0,1850.0,1750.0,1750.0,1885.0,1850.0,1950.0,1850.0,2000.0,1987.0,1830.0,1895.0,1825.0,1825.0,1995.0,1949.0,2099.0,2000.0,2000.0,2100.0,2092.5,2100.0,2000.0,1997.5,1899.0,1899.0,1900.0,1950.0,1935.0
Financial District,Manhattan,neighborhood,3180.0,3100.0,3000.0,3000.0,3200.0,3250.0,3100.0,3100.0,3025.0,3250.0,3250.0,3232.5,3307.5,3395.0,3400.0,3250.0,3312.5,3495.0,3500.0,3500.0,3595.0,3595.0,3495.0,3400.0,3400.0,3395.0,3369.0,3500.0,3495.0,3500.0,3652.5,3600.0,3700.0,3650.0,3925.0,3664.0,3500.0,3425.0,3350.0,3350.0,3395.0,3450.0,3500.0,3550.0,3525.0,3550.0,3516.0,3500.0,3500.0,3495.0,3495.0,3507.0,3574.5,3600.0,3500.0,3500.0,3612.5,3581.0,3500.0,3500.0,3500.0,3600.0,3595.0,3615.0,3695.0,3660.0,3727.0,3695.0,3700.0,3690.0,3550.0,3530.0,3500.0,3527.5,3552.5,3595.0,3600.0,3662.5,3700.0,3626.0,3667.5,3647.0,3500.0,3488.0,3450.0,3484.0,3592.5,3618.0,3656.0,3660.0,3785.0,3755.0,3700.0,3657.0,3653.5,3695.0,3600.0,3750.0
Flatbush,Brooklyn,neighborhood,,,,1595.0,,1450.0,,1150.0,1180.0,1165.0,1150.0,1100.0,1100.0,1100.0,1125.0,1925.0,1950.0,1850.0,1500.0,1225.0,1100.0,1250.0,1300.0,1312.5,1337.5,1400.0,1412.5,,,1350.0,1425.0,1400.0,1425.0,1350.0,1350.0,1500.0,1500.0,1500.0,1500.0,1450.0,1500.0,1600.0,1500.0,1677.5,1600.0,1600.0,1575.0,1500.0,1600.0,1687.5,1700.0,1600.0,1700.0,1600.0,1750.0,1700.0,1650.0,1550.0,1550.0,1750.0,1737.0,1700.0,1750.0,1774.5,1800.0,1800.0,1837.5,1900.0,1875.0,1834.5,1900.0,1850.0,1850.0,1850.0,1850.0,1900.0,1895.0,1938.0,1900.0,1900.0,1900.0,1900.0,1900.0,1897.0,1895.0,1900.0,1900.0,1950.0,1950.0,2000.0,2100.0,2095.0,2000.0,2099.0,1998.5,1950.0,2000.0,2000.0
Flatiron,Manhattan,neighborhood,4300.0,4200.0,3850.0,3995.0,4150.0,4000.0,4000.0,4225.0,4212.5,4197.5,4150.0,3995.0,3995.0,4350.0,4200.0,4175.0,4150.0,4150.0,4200.0,4100.0,4500.0,4325.0,4337.5,4512.5,3995.0,3950.0,3972.5,4200.0,4525.0,4500.0,4700.0,4500.0,4525.0,4250.0,4350.0,4497.5,4500.0,4495.0,4197.5,4195.0,4260.0,4500.0,4500.0,4697.5,4750.0,4600.0,4462.5,4587.5,4535.0,4800.0,4542.5,4700.0,4585.0,4500.0,4677.5,4975.0,4995.0,4575.0,4447.5,4497.5,4595.0,4750.0,5145.0,4995.0,5272.5,5375.0,5295.0,5335.0,5290.0,5150.0,5100.0,5100.0,5095.0,5100.0,4900.0,4700.0,4650.0,4880.0,5040.0,5000.0,5000.0,4995.0,4872.0,4717.0,4640.0,4597.5,4498.0,4695.0,4656.5,4595.0,4505.0,4800.0,4800.0,4650.0,4800.0,4730.0,4645.0,4600.0
Flatlands,Brooklyn,neighborhood,,,,,,,,,,,,,,,,,,,,,,,,,,,,,,,,,,,,,,,,,,,,,,,,,,,,,,,,,,,,,,,,,,,,,,,,,,,,,,,,,,1800.0,,,,,,,2050.0,,,,,,2100.0,,1850.0,
Floral Park,Queens,neighborhood,,,,,,,,,,,,,,,,,,,,,,,,,,,,,,,,,,,,,,,,,,,,,,,,,,,,,,,,,,,,,,,,,,,,,,,,,,,,,,,,,,,,,,,,,,,,,,,,,,
Flushing,Queens,neighborhood,1600.0,1550.0,1425.0,1400.0,1300.0,,1287.5,,,,,1295.0,1350.0,1337.5,1310.0,1295.0,1325.0,1350.0,1425.0,1462.5,1650.0,1350.0,1295.0,1550.0,1300.0,1550.0,1600.0,1700.0,1600.0,1500.0,1512.5,1625.0,1600.0,1650.0,1700.0,1850.0,1600.0,1650.0,1600.0,1645.0,1650.0,1600.0,1872.5,1950.0,1937.5,1750.0,1597.5,1600.0,1507.5,1700.0,1700.0,1800.0,1790.0,1800.0,1900.0,1950.0,1900.0,1800.0,1850.0,1775.0,1750.0,1775.0,1750.0,1750.0,1900.0,1850.0,1850.0,1875.0,1800.0,2050.0,1765.0,1750.0,1800.0,1999.5,2100.0,2100.0,2200.0,2175.0,1862.5,1900.0,2097.5,2200.0,2100.0,2162.5,2200.0,2200.0,1970.0,2000.0,1992.5,2150.0,2250.0,2200.0,1950.0,2000.0,2000.0,1899.0,1962.5,1900.0
Fordham,Bronx,neighborhood,,,,,,,,,,,,,,,,,,,,,,,,,,,,,,,,,,1075.0,1200.0,,,,,,,,,,,,,,,,,,,,,,,,1195.0,1250.0,1250.0,1450.0,1400.0,1199.0,1250.0,1312.5,1322.5,1425.0,1400.0,1400.0,1412.5,1600.0,1450.0,1350.0,1400.0,1462.5,1550.0,1550.0,1550.0,1550.0,1550.0,1500.0,1525.0,1460.0,1450.0,1625.0,1825.0,1700.0,1782.5,1782.5,1857.5,1825.0,1862.5,1812.5,1777.5,1777.5,1845.0,1727.5
Forest Hills,Queens,neighborhood,2000.0,1800.0,1725.0,1675.0,1550.0,1587.5,1700.0,1750.0,1697.5,1725.0,1675.0,1650.0,1662.5,1650.0,1675.0,1772.5,1825.0,1850.0,1895.0,2100.0,2300.0,2200.0,1997.5,1850.0,1800.0,1947.5,1850.0,1850.0,1825.0,1825.0,2025.0,2050.0,2050.0,2100.0,1895.0,2050.0,1995.0,1900.0,1800.0,1850.0,1825.0,1800.0,2050.0,1925.0,2000.0,1875.0,1900.0,2100.0,2100.0,2097.5,2050.0,2015.0,1958.0,2015.0,2015.0,2295.0,2045.0,2000.0,2100.0,2195.0,2055.0,2015.0,2015.0,2015.0,2100.0,2225.0,2150.0,2300.0,2297.5,2295.0,2195.0,2200.0,2200.0,2195.0,2100.0,2150.0,2175.0,2150.0,2195.0,2197.5,2197.5,2150.0,2149.0,2150.0,2100.0,2100.0,2000.0,2000.0,1995.0,2100.0,2117.0,2112.5,2100.0,2100.0,2100.0,2025.0,1995.0,2000.0
Fort Greene,Brooklyn,neighborhood,2435.0,2200.0,2100.0,2225.0,2250.0,2350.0,2397.5,2400.0,2425.0,2425.0,2400.0,2425.0,2400.0,2500.0,2500.0,2500.0,2500.0,2550.0,2550.0,2600.0,2600.0,2575.0,2500.0,2500.0,2500.0,2500.0,2669.0,2758.0,2700.0,2500.0,2650.0,2700.0,2575.0,2550.0,2650.0,2750.0,2600.0,2889.0,2889.0,2800.0,2600.0,2600.0,2750.0,2700.0,2775.0,2700.0,2700.0,2700.0,2750.0,2650.0,2697.5,2700.0,2750.0,2797.5,2723.0,2800.0,2645.0,2650.0,2650.0,2697.5,2697.5,2800.0,2950.0,2949.5,2850.0,2800.0,2895.0,2800.0,2800.0,2750.0,2800.0,2750.0,2700.0,2700.0,2797.0,2700.0,2800.0,2899.0,2900.0,3000.0,2900.0,2800.0,2785.0,2720.0,2780.0,2800.0,2857.5,3000.0,2900.0,2950.0,2900.0,2875.0,2832.5,2732.5,2700.0,2735.0,2700.0,2700.0
Fresh Meadows,Queens,neighborhood,,,,,,,,,,,,,,,,,,,,,,,,,,,,,,,,,,,,,,,,,,,,,,,,,,,,,,,,,,,,,,,,,,,,,,,,,,,,,,,,,,,,,,2150.0,2150.0,2050.0,2000.0,2750.0,2900.0,,,,,,,
Gerritsen Beach,Brooklyn,neighborhood,,,,,,,,,,,,,,,,,,,,,,,,,,,,,,,,,,,,,,,,,,,,,,,,,,,,,,,,,,,,,,,,,,,,,,,,,,,,,,,,,,,,,,,,,,,,,,,,,,
Glen Oaks,Queens,neighborhood,,,,,,,,,,,,,,,,,,,,,,,,,,,,,,,,,,,,,,,,,,,,,,,,,,1775.0,1750.0,1750.0,,,,,,,,,,,,,,,,,,,,,,,,,,,,,,,,,,,,,,,,,,,,,,
Glendale,Queens,neighborhood,,,,,,,,,,,,,,,,,,,,,,,,,,,,,,,,,,1800.0,,,,,,,,,,,,,,,,1600.0,,,1750.0,,1795.0,,,1775.0,1750.0,1700.0,1725.0,1800.0,1700.0,1675.0,2000.0,1950.0,1887.5,1800.0,1850.0,1875.0,1900.0,2000.0,1877.5,1887.5,1850.0,1887.0,1999.5,1999.0,1850.0,1999.0,2000.0,1987.0,1997.5,2000.0,2000.0,2200.0,1999.0,1927.5,2000.0,2000.0,2000.0,2145.0,2100.0,2060.0,1999.5,1900.0,2075.0,2100.0
Gowanus,Brooklyn,neighborhood,,1600.0,,,1800.0,,,,,2600.0,2150.0,2550.0,2400.0,2300.0,2675.0,2712.5,2500.0,3100.0,2920.0,3475.0,3475.0,3055.0,2950.0,,,,,,2255.0,2200.0,2650.0,2650.0,2850.0,2675.0,2637.5,2900.0,2569.0,2950.0,3000.0,3033.5,3050.0,3200.0,3050.0,2875.0,2950.0,2900.0,2850.0,2974.5,2974.5,3200.0,3425.0,3275.0,3150.0,3195.0,3020.0,2772.5,2600.0,3400.0,3650.0,3000.0,2800.0,2995.0,2900.0,3100.0,3350.0,3200.0,3200.0,3450.0,3250.0,3250.0,3250.0,3300.0,3400.0,3395.0,3100.0,3200.0,3230.5,3000.0,3000.0,3277.0,3000.0,3000.0,3046.0,3000.0,3050.0,3000.0,2800.0,2760.0,2900.0,2900.0,2845.0,3000.0,3000.0,2798.0,2755.0,2695.0,2740.5,2756.0
Gramercy Park,Manhattan,neighborhood,3100.0,3000.0,2995.0,3100.0,2995.0,2950.0,2925.0,3000.0,3200.0,3200.0,3450.0,3355.0,3195.0,3250.0,3125.0,3000.0,3050.0,3147.5,2950.0,2950.0,3425.0,3547.5,3497.5,3395.0,3450.0,3250.0,3250.0,3200.0,3400.0,3300.0,3295.0,3297.5,3450.0,3500.0,3500.0,3500.0,3295.0,3395.0,3500.0,3400.0,3500.0,3300.0,3400.0,3495.0,3500.0,3395.0,3497.5,3500.0,3492.5,3300.0,3395.0,3400.0,3355.0,3295.0,3350.0,3350.0,3350.0,3250.0,3400.0,3497.5,3550.0,3500.0,3312.5,3500.0,3500.0,3500.0,3500.0,3595.0,3750.0,3500.0,3500.0,3680.0,3695.0,3695.0,3650.0,3697.5,3800.0,3686.0,3600.0,3625.0,3500.0,3300.0,3275.0,3320.0,3460.0,3500.0,3500.0,3595.0,3600.0,3500.0,3495.0,3450.0,3425.0,3297.5,3200.0,3250.0,3425.0,3597.5
Gravesend,Brooklyn,neighborhood,,,1400.0,1387.5,,,,,,1325.0,1312.5,1300.0,1300.0,1250.0,,,,,1422.5,1422.5,1250.0,1359.0,1250.0,1275.0,1500.0,1445.0,,,1250.0,1410.0,,1500.0,1562.5,1250.0,1325.0,1495.0,1400.0,1375.0,1375.0,1400.0,1393.0,1400.0,1600.0,1700.0,1500.0,1550.0,1525.0,1500.0,1475.0,1450.0,1400.0,1400.0,1400.0,1400.0,1600.0,1700.0,1450.0,1495.0,1612.5,1575.0,1650.0,1687.5,1700.0,1700.0,1695.0,1625.0,1687.5,1700.0,1725.0,1750.0,1750.0,1650.0,1774.5,1725.0,1787.0,1850.0,1925.0,1985.0,1695.0,1762.5,1800.0,1825.0,1895.0,1772.5,1800.0,1895.0,1800.0,1800.0,1750.0,1800.0,1800.0,1712.5,1800.0,1762.5,1875.0,1735.0,1697.5,1750.0
Greenpoint,Brooklyn,neighborhood,2300.0,2225.0,2350.0,2325.0,2300.0,2200.0,2400.0,2500.0,2600.0,2725.0,2600.0,2500.0,1950.0,2200.0,2275.0,2425.0,2500.0,2500.0,2375.0,2375.0,2275.0,2495.0,2325.0,2500.0,2325.0,2300.0,2300.0,2600.0,2600.0,2500.0,2500.0,2700.0,2500.0,2650.0,2650.0,2700.0,2500.0,2650.0,2650.0,2650.0,2695.0,2795.0,2772.5,2800.0,2750.0,2972.5,2760.0,2695.0,2800.0,2850.0,2750.0,2800.0,3000.0,3000.0,2850.0,2850.0,2800.0,2800.0,2700.0,2595.0,2500.0,2600.0,2600.0,2795.0,2700.0,2700.0,2861.0,3000.0,2897.0,2850.0,2750.0,2700.0,2725.0,2700.0,2750.0,2800.0,2800.0,2800.0,2850.0,2905.0,2895.0,2875.0,2850.0,2800.0,2800.0,2800.0,2750.0,2767.5,2799.0,2900.0,2950.0,2800.0,2850.0,2749.0,2699.0,2598.5,2600.0,2600.0
Greenwich Village,Manhattan,neighborhood,3200.0,3200.0,2964.5,3000.0,3000.0,3000.0,3000.0,3000.0,3700.0,3795.0,3700.0,3600.0,3400.0,3500.0,3250.0,3295.0,3300.0,3200.0,3000.0,3600.0,3950.0,3995.0,4000.0,3950.0,3700.0,3650.0,3700.0,3800.0,3600.0,3400.0,3500.0,3699.0,4000.0,3795.0,3995.0,3750.0,3600.0,3795.0,3600.0,3595.0,3500.0,3475.0,3495.0,3495.0,3400.0,3550.0,3650.0,3666.0,3750.0,3800.0,3800.0,3695.0,3750.0,3500.0,3450.0,3475.0,3500.0,3825.0,3895.0,3895.0,3850.0,3700.0,3700.0,3500.0,3550.0,3500.0,3550.0,3800.0,4000.0,4199.0,4095.0,4095.0,4072.5,3900.0,3995.0,3900.0,3787.5,3825.0,3800.0,3875.0,3950.0,3900.0,3800.0,3800.0,3850.0,3875.0,3875.0,3800.0,3725.0,3590.0,3590.0,3500.0,3600.0,3600.0,3595.0,3595.0,3595.0,3950.0
Greenwood,Brooklyn,neighborhood,1775.0,1750.0,1700.0,1700.0,1800.0,1800.0,2000.0,2450.0,2500.0,2124.5,1999.0,1900.0,1900.0,1395.0,1950.0,2450.0,2450.0,2000.0,2000.0,2050.0,2125.0,2650.0,2387.5,2100.0,1947.5,2000.0,2000.0,2000.0,2000.0,1950.0,1950.0,2150.0,2125.0,2047.5,2200.0,2250.0,2100.0,2100.0,2150.0,2100.0,1900.0,2150.0,2150.0,2200.0,2400.0,2350.0,2275.0,2000.0,2000.0,2050.0,2200.0,2300.0,2200.0,2200.0,2185.0,2100.0,2099.5,2150.0,2200.0,2200.0,2200.0,2100.0,2100.0,2200.0,2200.0,2200.0,2300.0,2300.0,2300.0,2300.0,2297.5,2275.0,2225.0,2200.0,2200.0,2137.5,2200.0,2300.0,2300.0,2400.0,2200.0,2100.0,2100.0,2100.0,2195.0,2200.0,2197.0,2300.0,2300.0,2350.0,2325.0,2350.0,2300.0,2500.0,2450.0,2374.5,2190.0,2299.5
Hamilton Heights,Manhattan,neighborhood,1650.0,1700.0,1675.0,1775.0,1695.0,1750.0,1795.0,1749.5,1900.0,1875.0,1800.0,1800.0,1800.0,1662.5,1675.0,1650.0,1700.0,2050.0,2025.0,2000.0,2275.0,2250.0,2350.0,2400.0,2450.0,2100.0,1900.0,1875.0,1950.0,2175.0,1995.0,1925.0,1850.0,1960.0,2100.0,2100.0,1995.0,2100.0,2050.0,1999.0,2100.0,2100.0,2100.0,2100.0,2272.5,2100.0,2150.0,2000.0,2100.0,2100.0,2100.0,2172.5,2195.0,2100.0,2250.0,2250.0,2200.0,2250.0,2254.5,2300.0,2300.0,2400.0,2300.0,2250.0,2397.5,2500.0,2500.0,2500.0,2400.0,2297.5,2350.0,2400.0,2400.0,2400.0,2500.0,2400.0,2350.0,2300.0,2300.0,2350.0,2374.5,2325.0,2400.0,2450.0,2400.0,2375.0,2375.0,2400.0,2400.0,2500.0,2465.0,2400.0,2495.0,2397.5,2300.0,2300.0,2250.0,2200.0
Highbridge,Bronx,neighborhood,,,1125.0,,,,,,,,,,,,,,,,,,,,,,,,,,,,,,,,,,,,,,,,,,,,,,,,,,,,,,1525.0,1525.0,1525.0,1400.0,1250.0,1350.0,1275.0,,,1525.0,1250.0,1687.5,1500.0,1675.0,1347.5,1700.0,1900.0,1900.0,,1650.0,1650.0,1700.0,1700.0,1700.0,1637.5,1699.0,1600.0,1549.0,1650.0,1650.0,1650.0,1587.5,1625.0,1687.5,1800.0,1750.0,2050.0,1850.0,1790.0,1880.0,1970.0,1982.5
Hillcrest,Queens,neighborhood,,,,,,,,,,,,,,,,,,,,,,,,,,,,,,,,,,,,,,,,,,,,,,,,,,,,,,,,,,,,,,,,,,,,,,,,,,,,,,,,,,,,,,,2500.0,2500.0,2350.0,2350.0,2525.0,,,,,,,
Hollis,Queens,neighborhood,,,,,,,,,,,,,,,,,,,,,,,,,,,,,,,,,,,,,,,,,,,,,,,,,,,,,,,,,,,,,,,,,,,,,,,,,,,,,,,,,,,,,,,,,,,,,,,,,,
Howard Beach,Queens,neighborhood,,,,,,,,,,,,,,,,,,,,,,,,,,,,,,,,,,,,,,,,,,,,,,,,,,,,,,,,,,,,,,,,,,,,,,1400.0,1400.0,,,,,,,,,,,,,,,,,,,2200.0,1950.0,,,1725.0,,,,
Hunts Point,Bronx,neighborhood,,,,,,,,,,,,,,,,,,,,,,,,,,,,,,,,,,,,,,,,,,,,,,,,,,,,,,,,,,,,,,,,,,,,,,,,,,,,,,,,,,,,,,,,,,,1650.0,,,,,,,
Inwood,Manhattan,neighborhood,1400.0,1395.0,1395.0,1372.5,1349.5,1349.0,1362.5,1450.0,1547.5,1595.0,1595.0,1600.0,1700.0,1595.0,1572.5,1600.0,1572.5,1422.5,1500.0,1467.5,1600.0,1625.0,1450.0,1510.0,1475.0,1450.0,1465.0,1452.5,1475.0,1510.0,1545.0,1550.0,1525.0,1499.0,1450.0,1450.0,1450.0,1400.0,1500.0,1412.5,1500.0,1700.0,1675.0,1675.0,1582.5,1710.0,1737.5,1737.5,1750.0,1600.0,1587.0,1650.0,1603.0,1650.0,1650.0,1700.0,1750.0,1750.0,1800.0,1650.0,1765.0,1765.5,1675.0,1850.0,1800.0,1897.5,1950.0,1950.0,1800.0,1900.0,1900.0,1900.0,1901.0,1791.0,1842.0,1950.0,1972.5,1850.0,1850.0,1800.0,1800.0,1785.0,1797.5,1790.0,1750.0,1800.0,1850.0,1875.0,1878.0,1829.0,1850.0,1850.0,1840.0,1850.0,1750.0,1795.0,1850.0,1850.0
Jackson Heights,Queens,neighborhood,1250.0,,1425.0,,,,,,,,,1525.0,,,1370.0,1345.0,1375.0,1375.0,1345.0,1450.0,,,1500.0,1500.0,1500.0,1500.0,,1550.0,1625.0,1700.0,1500.0,1500.0,1575.0,1712.5,1700.0,1600.0,1547.5,1599.5,1599.0,1650.0,1600.0,1600.0,1650.0,1575.0,1650.0,1600.0,1597.5,1537.5,1600.0,1750.0,1750.0,1750.0,1750.0,1700.0,1700.0,1700.0,1700.0,1700.0,1700.0,1700.0,1737.5,1750.0,1746.0,1750.0,1745.0,1800.0,1800.0,1800.0,1800.0,1795.0,1800.0,1800.0,1850.0,1875.0,1800.0,1800.0,1800.0,1834.0,1900.0,1900.0,1900.0,1972.5,1950.0,1965.0,1950.0,1875.0,1900.0,1900.0,1950.0,1900.0,1825.0,1900.0,1900.0,1900.0,1994.5,1950.0,1900.0,1950.0
Jamaica,Queens,neighborhood,,,,,,,,,,,,,,,,,,,,,,,,,1757.5,1757.5,1757.5,1757.5,1757.5,1899.0,1757.5,,,,,,,,,,1595.0,1525.0,1595.0,1795.0,1650.0,1650.0,1650.0,,,,,,,,,,2000.0,1645.0,1697.5,2000.0,2150.0,,,,,1750.0,1695.0,1812.5,1787.5,,1897.5,,1994.5,1994.0,1972.0,,,,,2105.0,1875.0,1956.0,1902.0,1950.0,1855.0,1950.0,2010.0,2010.0,1992.5,2383.0,2725.0,,,1860.0,1828.0,1828.0,1995.0,1995.0
Jamaica Estates,Queens,neighborhood,,,,,,,,,,,,,,,,,,,,,,,,,,,,,,,,,,,,,,,,,,,,,,,,,,,,,,,,1650.0,1672.5,,1650.0,1700.0,1700.0,,,,1650.0,1695.0,1599.0,1699.5,1700.0,1650.0,1600.0,1625.0,1612.5,1675.0,1595.0,1525.0,1612.0,1700.0,1700.0,1700.0,1700.0,1699.0,1724.5,1825.0,2222.5,1650.0,1650.0,1795.0,1550.0,1600.0,1795.0,,,1995.0,1995.0,1825.0,1800.0,1800.0
Jamaica Hills,Queens,neighborhood,,,,,,,,,,,,,,,,,,,,,,,,,,,,,,,,,,,,,,,,,,,,,,,,,,,,,,,,,,,,,,,,,,,,,,,,,,,,,,,,,,,,,1650.0,,,1925.0,2000.0,,2250.0,,,,,,,
Kensington,Brooklyn,neighborhood,1800.0,1775.0,1775.0,1975.0,,,,1700.0,1650.0,1600.0,1650.0,1600.0,,1650.0,2400.0,1700.0,1700.0,1687.5,1550.0,1600.0,1675.0,1637.5,1450.0,1550.0,1650.0,1525.0,1600.0,1800.0,1800.0,1600.0,1400.0,1650.0,1800.0,1850.0,1987.5,1700.0,1550.0,1500.0,1700.0,1650.0,1950.0,1650.0,1650.0,1750.0,1800.0,2000.0,2000.0,1800.0,1750.0,1695.0,1900.0,1900.0,1900.0,1900.0,1800.0,1750.0,1800.0,1950.0,1950.0,1875.0,1799.0,1842.0,1872.5,2000.0,1995.0,2000.0,2100.0,2000.0,2100.0,2200.0,2192.5,2050.0,2100.0,2025.0,2000.0,2100.0,2049.5,2000.0,2100.0,2182.5,2100.0,2150.0,2100.0,2100.0,2100.0,1995.0,1897.0,1900.0,1900.0,1999.5,2099.0,2050.0,2000.0,2050.0,1987.5,2000.0,2097.5,2100.0
Kew Gardens,Queens,neighborhood,1600.0,1425.0,1462.5,1437.5,1425.0,1375.0,1437.5,1450.0,,1399.0,,,,1725.0,1500.0,1412.0,1299.5,,,1625.0,1450.0,1450.0,1467.5,,,1525.0,1500.0,1437.5,1750.0,2100.0,2250.0,2877.0,2995.0,3046.0,2225.0,2677.0,1700.0,1750.0,1700.0,1650.0,2000.0,2097.5,2000.0,2100.0,2125.0,1925.0,1750.0,1900.0,1962.5,1800.0,1700.0,1550.0,1650.0,1650.0,1650.0,1975.0,1850.0,1772.5,1650.0,1725.0,1780.0,1750.0,1774.5,1850.0,1850.0,1800.0,1850.0,1950.0,1950.0,1950.0,1900.0,2100.0,2100.0,1825.0,1832.5,1950.0,1975.0,1995.0,2000.0,2010.0,1850.0,1950.0,1950.0,2000.0,2000.0,1999.0,1999.0,2000.0,1850.0,1850.0,1850.0,1975.0,1950.0,2000.0,2000.0,2000.0,2000.0,1850.0
Kew Gardens Hills,Queens,neighborhood,,,,,,,,,,,,,,,,,,,,,,,,,,,,,,,,,,,,,,,,1695.0,1695.0,,,,,1750.0,1700.0,1750.0,2150.0,2075.0,2075.0,1800.0,1800.0,1800.0,1725.0,,1775.0,2099.0,2099.0,1750.0,1750.0,1725.0,1550.0,1737.5,1875.0,1744.0,1950.0,1775.0,1775.0,1950.0,1950.0,1950.0,1925.0,1875.0,1912.5,1954.5,1831.0,1853.0,1950.0,2050.0,2045.0,2013.0,2000.0,2006.5,1975.0,1975.0,1975.0,1950.0,1925.0,1875.0,1810.5,1975.0,1975.0,1985.0,1962.5,1850.0,1901.5,1874.5
Kingsbridge,Bronx,neighborhood,1250.0,1193.0,1300.0,1300.0,1300.0,1300.0,,,,,,,,,,,,,1650.0,,,,,,,,1395.0,,,,,1750.0,1650.0,1350.0,1362.5,1300.0,1325.0,1295.0,1295.0,1250.0,1200.0,1150.0,1295.0,1610.0,1630.0,1630.0,1500.0,1499.0,1450.0,1200.0,1400.0,1575.0,1630.0,1825.0,1997.0,1897.5,1912.5,1600.0,1800.0,1799.0,1750.0,1665.0,1550.0,1550.0,1547.5,1707.5,1642.0,2000.0,1903.0,1825.0,2150.0,1787.5,1750.0,1700.0,1750.0,1762.5,1800.0,1800.0,1925.0,2017.0,2000.0,2017.0,2017.0,2050.0,2105.0,1950.0,1972.5,1800.0,1997.5,1800.0,1774.5,1750.0,1775.0,1800.0,1775.0,1750.0,1675.0,1775.0
Laconia,Bronx,neighborhood,,,,,,,,,,,,,,,,,,,,,,,,,,,,,,,,,,,,,,,,,,,,,,,,,,,,,,,,,,,,,,,,,,,,,,,,,,,,,,,,,,,,,,,,,,,,,,,,,,
Laurelton,Queens,neighborhood,,,,,,,,,,,,,,,,,,,,,,,,,,,,,,,,,,,,,,,,,,,,,,,,,,,,,,,,,,,,,,,,,,,,,,,,,,,,,,,,,,,,,,,,,,,,,,,,,,
Little Italy,Manhattan,neighborhood,3295.0,3050.0,3000.0,2999.0,2885.0,2600.0,3700.0,3795.0,5100.0,4750.0,4800.0,4750.0,4725.0,4500.0,4725.0,3500.0,3300.0,3075.0,3700.0,3995.0,4175.0,3500.0,2950.0,2950.0,3500.0,3450.0,3500.0,3450.0,2900.0,2600.0,2499.5,2500.0,2800.0,2575.0,3600.0,4125.0,4125.0,3975.0,3500.0,4650.0,3650.0,3300.0,3500.0,3197.5,3125.0,3100.0,3175.0,3225.0,3250.0,3497.5,3600.0,3200.0,2875.0,3200.0,3450.0,3775.0,3250.0,2950.0,2950.0,2700.0,2950.0,2875.0,3000.0,3000.0,3225.0,3049.5,3247.5,3647.5,3597.5,3250.0,3597.5,3700.0,3600.0,3250.0,2800.0,2837.5,3485.0,3297.5,3500.0,3500.0,3325.0,3000.0,3000.0,3200.0,3125.0,3175.0,3175.0,3000.0,2799.5,2950.0,2900.0,3090.0,3060.0,2695.0,2750.0,2637.5,2600.0,2600.0
Little Neck,Queens,neighborhood,,,,,,,,,,,,,,,,,,,,,,,,,,,,,,,,,,,,,,,,,,,,,,,,,,,,,,,,,,,,,,,,,,,,,,,,,,,,,,,,,,,,,,,,,,2600.0,2550.0,,,,,,,
Long Island City,Queens,neighborhood,2325.0,2500.0,2525.0,2500.0,2700.0,2725.0,2680.0,2680.0,2757.5,2735.0,2700.0,2715.0,2667.5,2650.0,2750.0,2775.0,2850.0,2880.0,2940.0,2902.5,3000.0,2900.0,2900.0,2787.5,2800.0,2935.0,2917.5,2937.5,2850.0,2885.0,2877.5,2880.0,2900.0,2900.0,2902.5,2865.5,2812.5,2825.0,2850.0,2995.0,2995.0,2995.0,2967.5,2905.0,2825.0,2795.0,2997.5,3050.0,3030.0,2930.0,2800.0,2800.0,2780.0,2730.0,2668.5,2750.0,2895.0,2995.0,2995.0,2998.0,3000.0,3025.0,2950.0,2980.0,2950.0,3080.0,3095.0,2995.0,2995.0,2900.0,2900.0,2995.0,2995.0,3000.0,3110.0,3100.0,3150.0,3157.5,3150.0,3100.0,3035.0,2984.0,2960.0,2995.0,3027.5,3000.0,2977.5,2991.5,2964.0,3000.0,3064.5,3100.0,3000.0,2900.0,2829.0,2832.5,2826.5,2895.0
Longwood,Bronx,neighborhood,,,,,,,,,,,,,,,,,,,,,,,,,,,,,,,,,,,,,,,,,,,,,,,,,,,,,,,,,,,,,,,,,,,,,,,,,,,,,,,,,,,,,,,1800.0,1575.0,,,,,,,,,,
Lower East Side,Manhattan,neighborhood,2295.0,2250.0,2297.5,2250.0,2495.0,2495.0,2400.0,2500.0,2595.0,2500.0,2500.0,2600.0,2500.0,2500.0,2495.0,2395.0,2395.0,2400.0,2497.0,2595.0,2700.0,2725.0,2700.0,2300.0,2395.0,2650.0,2800.0,2995.0,2795.0,2750.0,2695.0,2700.0,2800.0,2750.0,2850.0,2995.0,2895.0,2970.0,2897.0,2900.0,2835.0,2800.0,2797.5,2795.0,2897.5,2850.0,2795.0,2800.0,2850.0,2750.0,2800.0,2795.0,2797.5,2950.0,2950.0,3000.0,3000.0,2995.0,2995.0,3000.0,2995.0,2995.0,2850.0,2872.5,3000.0,3100.0,3150.0,3167.5,3250.0,3000.0,2999.0,3000.0,3000.0,3000.0,2995.0,3100.0,3200.0,3345.0,3296.5,3300.0,3300.0,3097.5,3100.0,2950.0,2895.0,3100.0,3000.0,3035.0,3200.0,3195.0,3200.0,3199.0,3100.0,3000.0,2995.0,2950.0,2995.0,2952.5
Manhattan,Manhattan,borough,2800.0,2795.0,2745.0,2800.0,2800.0,2850.0,2875.0,2890.0,2999.0,3000.0,2999.0,2975.0,2950.0,2995.0,2950.0,3000.0,3000.0,3100.0,3100.0,3150.0,3250.0,3255.0,3250.0,3200.0,3190.0,3100.0,3100.0,3195.0,3200.0,3200.0,3200.0,3200.0,3250.0,3200.0,3250.0,3250.0,3200.0,3200.0,3200.0,3200.0,3200.0,3175.0,3195.0,3225.0,3272.0,3250.0,3250.0,3250.0,3200.0,3200.0,3200.0,3250.0,3290.0,3250.0,3200.0,3200.0,3200.0,3200.0,3200.0,3200.0,3200.0,3250.0,3250.0,3295.0,3325.5,3350.0,3350.0,3400.0,3400.0,3351.5,3300.0,3300.0,3300.0,3300.0,3350.0,3391.0,3400.0,3395.0,3370.0,3300.0,3350.0,3321.0,3300.0,3250.0,3250.0,3268.0,3250.0,3300.0,3300.0,3300.0,3300.0,3300.0,3300.0,3295.0,3200.0,3212.0,3244.0,3245.0
Manhattan Beach,Brooklyn,neighborhood,,,,,,,,,,,,,,,,,,,,,,,,,,,,,,,,,,,,,,,,,,,,,,,,,,,,,,,,,,,,,,,,,,,,,,,,,,,,,4100.0,,,,,,,,,2500.0,,,,,,,,,,,,
Manhattanville,Manhattan,neighborhood,,,,,,,,,,,,,,,,,,,,,,,,,,,,,,,,,,,,,,,,,,,,,,,,,,,,,,,,,,,,,,,,,,,,2400.0,,,,,,,2047.5,,,,,,,,,,,,,,,,,,,,1995.0,,,2345.0
Marble Hill,Manhattan,neighborhood,,,,,,,,,,,,,,,,,,,,,,,,,,,,,,,,,,,,,,,,,,,,,,,,,,,,,,,,,,,,,,,,,,,,,,,,,,,,,,,,,,,,,,,,,,,2200.0,2235.0,,,,,,
Marine Park,Brooklyn,neighborhood,,,,,,,,,,,,,,,,,,,,,,,,,,,,,,,,,,,,,,,,,,,,,,,,,,,,,,,,,,,,,,,,1700.0,1800.0,1600.0,,1800.0,1825.0,,,1750.0,,,,,2000.0,1800.0,,1867.5,2200.0,,,2050.0,1875.0,,,,1750.0,1750.0,1949.5,2000.0,,,,2291.0,2300.0,2300.0
Maspeth,Queens,neighborhood,,,,,,,,,,,,,,,,,,,,,,,,,,,,,,,,,,,,,,,,,,,,,,,,,,,,,,,,,,,,,,,,,,,,,,,,,,,,2100.0,,,,,,,,,,2200.0,1900.0,,2000.0,1997.5,2000.0,2000.0,1950.0,,,,,
Melrose,Bronx,neighborhood,,,,,,,,,,,,,,,,,,,,,1237.0,1243.0,1243.0,1150.0,,,,,,,,,,,,,,,,,,,,,,,,,,,,,,,,,,,,,,,,,,,,,,,,,,,,,,,,,,,,,,,,1712.5,1925.0,1982.0,2000.0,,,,1833.0,,,
Middle Village,Queens,neighborhood,,,,,,,,,,,,,,,,,,,,,,,,,,,,,,,,,,,,,,,,,,,,,,,,,,,,,,1800.0,,,,,1800.0,,,,1950.0,1925.0,1975.0,2000.0,2000.0,1975.0,1975.0,1950.0,1937.5,1850.0,1800.0,1800.0,1862.5,1800.0,1850.0,,2000.0,1899.0,2000.0,2000.0,2050.0,2000.0,2100.0,2075.0,2150.0,2150.0,2050.0,2150.0,2000.0,1995.0,2200.0,2200.0,1750.0,1700.0,2000.0,1950.0
Midtown,Manhattan,neighborhood,3800.0,3900.0,3972.5,4150.0,4000.0,4000.0,3997.5,3995.0,4000.0,3900.0,4100.0,4200.0,4195.0,4250.0,4000.0,4250.0,4100.0,4095.0,4250.0,4495.0,4225.0,4450.0,4500.0,4375.0,4472.5,4325.0,4200.0,4295.0,4425.0,4200.0,4175.0,4150.0,4295.0,4200.0,4000.0,4097.5,3995.0,4250.0,4150.0,4000.0,3995.0,4000.0,3895.0,3900.0,4000.0,4000.0,3962.5,3800.0,3862.5,3800.0,3960.0,3900.0,3850.0,3900.0,3850.0,3850.0,3885.0,4000.0,4000.0,4000.0,4200.0,4000.0,4000.0,4000.0,4250.0,4123.5,4150.0,3985.0,3995.0,4000.0,4000.0,4038.5,4063.5,4300.0,4010.0,4000.0,4095.0,4200.0,4021.0,3995.0,3960.0,3900.0,3900.0,3995.0,4000.0,4000.0,4000.0,4000.0,4200.0,4200.0,4225.0,3826.5,4000.0,3965.0,3962.0,4000.0,3925.0,4000.0
Midtown East,Manhattan,neighborhood,2695.0,2628.0,2650.0,2695.0,2700.0,2700.0,2800.0,2800.0,2800.0,2805.0,2910.0,2899.0,2900.0,2950.0,2950.0,3000.0,3050.0,3200.0,3200.0,3150.0,3200.0,3200.0,3200.0,3150.0,3100.0,3057.0,3050.0,3095.0,3100.0,3100.0,3100.0,3150.0,3195.0,3150.0,3150.0,3150.0,3150.0,3200.0,3197.5,3195.0,3200.0,3195.0,3195.0,3200.0,3200.0,3200.0,3200.0,3207.5,3190.0,3200.0,3200.0,3250.0,3242.5,3250.0,3200.0,3246.5,3200.0,3200.0,3295.0,3226.0,3300.0,3300.0,3300.0,3350.0,3400.0,3400.0,3400.0,3400.0,3450.0,3350.0,3343.0,3350.0,3300.0,3383.5,3350.0,3400.0,3400.0,3395.0,3400.0,3400.0,3400.0,3395.0,3329.0,3300.0,3300.0,3350.0,3333.0,3395.0,3395.0,3400.0,3395.0,3350.0,3300.0,3350.0,3200.0,3200.0,3250.0,3295.0
Midtown South,Manhattan,neighborhood,3195.0,3000.0,3200.0,3250.0,3400.0,3315.0,3330.0,3350.0,3390.0,3300.0,3362.5,3400.0,3450.0,3400.0,3300.0,3487.5,3395.0,3450.0,3400.0,3500.0,3372.5,3300.0,3495.0,3325.0,3475.0,3290.0,3300.0,3500.0,4000.0,3855.0,3699.0,3672.5,3600.0,3650.0,3600.0,3528.0,3510.0,3475.0,3500.0,3500.0,3600.0,3500.0,3500.0,3500.0,3500.0,3550.0,3595.0,3495.0,3387.5,3500.0,3450.0,3500.0,3640.0,3700.0,3550.0,3650.0,3600.0,3585.0,3650.0,3795.0,3695.0,3600.0,3650.0,3695.0,3705.0,3775.0,3700.0,3897.5,3950.0,3850.0,3875.0,3923.0,3921.5,3931.5,3850.0,3895.0,3920.0,3920.0,3950.0,3920.0,3950.0,3965.0,3964.0,3920.0,3875.0,3950.0,3965.0,3950.0,3921.5,3850.0,3950.0,3965.0,3964.0,3938.0,3648.0,3595.0,3554.0,3600.0
Midtown West,Manhattan,neighborhood,2600.0,2650.0,2650.0,2650.0,2790.0,2800.0,3000.0,2895.0,2952.0,3000.0,3000.0,2995.0,2950.0,2982.5,3060.0,3100.0,3150.0,3100.0,3195.0,3200.0,3275.0,3265.0,3287.0,3297.5,3200.0,3150.0,3295.0,3300.0,3300.0,3250.0,3315.0,3350.0,3395.0,3355.0,3450.0,3475.0,3397.0,3412.5,3375.0,3350.0,3267.5,3300.0,3300.0,3300.0,3350.0,3395.0,3350.0,3350.0,3359.0,3350.0,3425.0,3340.0,3450.0,3470.0,3400.0,3335.0,3300.0,3400.0,3433.5,3450.0,3450.0,3500.0,3495.0,3495.0,3500.0,3500.0,3490.0,3495.0,3495.0,3400.0,3350.0,3300.0,3270.0,3312.5,3395.0,3450.0,3490.0,3400.0,3400.0,3400.0,3450.0,3400.0,3386.0,3327.0,3300.0,3350.0,3222.5,3325.0,3400.0,3416.0,3459.0,3495.0,3470.5,3400.0,3300.0,3300.0,3300.0,3310.0
Midwood,Brooklyn,neighborhood,,,,,,,,,,,,,,1600.0,1422.5,1500.0,1500.0,1500.0,1500.0,1500.0,1495.0,1500.0,1500.0,1450.0,1450.0,1400.0,1300.0,1400.0,1500.0,1500.0,1450.0,1362.5,1300.0,1300.0,1500.0,1422.5,1395.0,1275.0,1250.0,1300.0,1550.0,1350.0,1325.0,1307.5,1307.5,1325.0,1362.5,1350.0,1350.0,1350.0,1350.0,1397.5,1595.0,1562.5,1600.0,1637.5,1562.5,1497.5,1472.5,1450.0,1500.0,1550.0,1525.0,1550.0,1600.0,1750.0,1750.0,1800.0,1775.0,1750.0,1795.0,1800.0,1750.0,1800.0,1850.0,1850.0,1897.5,1932.5,1850.0,1812.5,1850.0,1700.0,1750.0,1772.5,1800.0,1750.0,1825.0,1800.0,1799.0,1800.0,1835.0,1735.0,1850.0,1787.0,1825.0,1750.0,1795.0,1750.0
Mill Basin,Brooklyn,neighborhood,,,,,,,,,,,,,,,,,,,,,,,,,,,,,,,,,,,,,,,,,,,,,,,,,,,,,,,,,,,,,,,,,,,,,,,,,,,,,,,,,,,,,,,,,,,,,,,,,,
Morningside Heights,Manhattan,neighborhood,2200.0,2150.0,2100.0,2000.0,2050.0,2178.0,2178.0,1995.0,1995.0,2350.0,2423.0,2396.0,2423.0,2372.5,2372.5,2500.0,2547.5,2395.0,2850.0,2875.0,2997.5,2500.0,2625.0,2650.0,2812.5,2675.0,2550.0,2795.0,2950.0,2950.0,2995.0,2795.0,2972.5,2750.0,2725.0,2700.0,2597.5,2699.5,2697.0,2750.0,2850.0,2800.0,2850.0,2887.5,3000.0,3157.5,2993.0,2993.0,3290.0,3140.0,3225.0,3275.0,3350.0,3275.0,3384.0,3395.0,3295.0,3200.0,3270.0,3332.5,3000.0,3260.0,3255.0,3297.5,3392.5,3525.0,3500.0,3460.0,3390.0,3390.0,3000.0,3020.0,2950.0,3200.0,3280.0,3300.0,3254.0,3300.0,3375.0,3350.0,3300.0,3315.0,3295.0,3229.0,3291.5,3200.0,3195.0,3245.0,3250.0,3130.0,3200.0,3225.5,3000.0,2895.0,2887.5,2979.0,2979.0,2979.0
Morris Heights,Bronx,neighborhood,,,,,,,,,,,,,,,,,,,,,,,,,,,,,,,,,,,,,,,,,,,,,,,,,,,,,,,,1295.0,1250.0,1250.0,1250.0,1295.0,1295.0,1295.0,1295.0,1295.0,,1295.0,,,1450.0,1595.0,,,1700.0,1600.0,1545.0,1545.0,2000.0,,,1525.0,1495.0,1525.0,1600.0,1600.0,,1600.0,1797.5,1495.0,1495.0,1650.0,1550.0,1700.0,1675.0,1675.0,1675.0,,,
Morris Park,Bronx,neighborhood,,,,,,,,,,,,,,,,,,,,,,,,,,,,,,,,,,,,,,,,,,,,,,,,,,,,,,,,,,,,,,,,,,,,,,,,,,,,,,,,,,,,,,,,,1750.0,1750.0,,,,,,,1550.0,
Morrisania,Bronx,neighborhood,,,,,,,,,,,,,,,,,,,,,,,,,,,,,,,,,,,,,,,,,,,,,,,,,,,,,,,,,,,,,,,,1123.0,1123.0,,,,,,,,,,,,,,,,1850.0,1700.0,,,,,,,,,,,,,,,1950.0,
Mott Haven,Bronx,neighborhood,,,,,1600.0,,,,,,,,,,,926.0,763.0,926.0,,,,,,,,,,,,,,,,,,,,,,1500.0,1500.0,1900.0,1900.0,1800.0,,,,,1800.0,1800.0,1900.0,,1574.5,1599.0,1600.0,1600.0,1625.0,1500.0,1525.0,1665.0,1699.0,1700.0,1700.0,1750.0,1750.0,1700.0,1725.0,1750.0,1875.0,2000.0,2150.0,2100.0,2100.0,2050.0,2200.0,1850.0,1800.0,1912.5,1947.5,1900.0,1900.0,1900.0,2366.5,2366.5,2200.0,1800.0,2117.5,1950.0,1950.0,1950.0,1950.0,1972.5,1892.5,1925.0,2155.0,2155.0,2177.5,2200.0
NYC,NYC,city,2650.0,2600.0,2600.0,2650.0,2697.0,2700.0,2750.0,2750.0,2850.0,2850.0,2800.0,2750.0,2750.0,2750.0,2750.0,2800.0,2800.0,2900.0,2900.0,2950.0,3000.0,3000.0,3000.0,2995.0,2985.0,2950.0,2950.0,2995.0,2995.0,2995.0,2995.0,3000.0,3089.0,3000.0,3000.0,3000.0,2995.0,3000.0,3000.0,3000.0,2999.0,2995.0,2995.0,3000.0,3000.0,2995.0,2950.0,2940.0,2900.0,2900.0,2900.0,2910.0,2950.0,2944.0,2895.0,2895.0,2850.0,2830.0,2800.0,2800.0,2800.0,2800.0,2800.0,2850.0,2875.0,2899.0,2900.0,2950.0,2900.0,2895.0,2850.0,2850.0,2875.0,2895.0,2900.0,2945.0,2975.0,2990.0,2975.0,2950.0,2900.0,2885.0,2800.0,2800.0,2760.0,2750.0,2700.0,2750.0,2769.0,2795.0,2800.0,2875.0,2800.0,2795.0,2700.0,2700.0,2700.0,2690.0
New Hyde Park,Queens,neighborhood,,,,,,,,,,,,,,,,,,,,,,,,,,,,,,,,,,,,,,,,,,,,,,,,,,,,,,,,,,,,,,,,,,,,,,,,,,,,,,,,,,,,,,,,,,,,,,,,,,
Nolita,Manhattan,neighborhood,3247.5,2825.0,3195.0,3295.0,3325.0,3350.0,2900.0,3495.0,3347.5,3500.0,3100.0,2995.0,3300.0,3300.0,2825.0,3200.0,3360.0,3200.0,3495.0,3495.0,3685.0,3547.5,3995.0,3597.5,3547.5,3495.0,3495.0,3495.0,3495.0,3495.0,3495.0,3447.5,3395.0,3395.0,3395.0,3200.0,3395.0,3100.0,3225.0,3300.0,3472.5,3797.5,3625.0,3495.0,3495.0,2500.0,3395.0,3400.0,3325.0,3200.0,3300.0,3397.5,3400.0,3450.0,3495.0,3495.0,3495.0,3425.0,3500.0,3495.0,3595.0,3450.0,3497.5,3595.0,3500.0,3595.0,3595.0,3595.0,3550.0,3525.0,3495.0,3522.5,3500.0,3547.5,3525.0,3950.0,3795.0,3750.0,3695.0,3695.0,3825.0,3700.0,3800.0,3797.5,3600.0,3995.0,3600.0,3795.0,3678.5,3695.0,3795.0,3795.0,3625.0,3445.0,3495.0,3500.0,3500.0,3495.0
North Brooklyn,Brooklyn,submarket,2500.0,2475.0,2492.0,2500.0,2550.0,2625.0,2700.0,2800.0,2850.0,2900.0,2751.5,2700.0,2600.0,2650.0,2700.0,2850.0,2850.0,2900.0,2900.0,2857.0,2850.0,2900.0,3000.0,2850.0,3000.0,2995.0,2950.0,3000.0,3000.0,3150.0,3100.0,3000.0,3300.0,3300.0,3288.5,3375.0,3230.0,3200.0,3150.0,3000.0,3041.5,3200.0,3200.0,3150.0,3100.0,3045.0,3038.5,2950.0,3000.0,3000.0,3000.0,3150.0,3195.0,3200.0,3200.0,3200.0,3150.0,3050.0,3000.0,3000.0,3000.0,3000.0,3000.0,3050.0,3000.0,3150.0,3249.0,3200.0,3110.5,3150.0,3138.0,3197.0,3195.0,3095.0,3034.5,3002.5,3100.0,3100.0,3100.0,3117.0,3095.0,3095.0,3000.0,3000.0,2999.0,2995.0,2999.0,3000.0,3006.5,3100.0,3099.0,3050.0,3000.0,2995.0,2857.5,2800.0,2800.0,2899.0
North Corona,Queens,neighborhood,,,,,,,,,,,,,,,,,,,,,,,,,,,,,,,1425.0,,,,,,,,,,,,,,,,,,,,1495.0,1485.0,1475.0,1495.0,1800.0,,,1700.0,,,1495.0,1497.5,1572.5,1672.5,,1595.0,1675.0,,,1862.5,1850.0,1550.0,1550.0,1575.0,1695.0,1675.0,1895.0,,,,1750.0,1800.0,1800.0,1775.0,1925.0,1675.0,1675.0,1700.0,1700.0,1697.5,1724.0,1619.0,1695.0,1675.0,1575.0,1725.0,1602.0,1625.0
Northeast Queens,Queens,submarket,1650.0,1650.0,1625.0,1450.0,1400.0,1350.0,1400.0,1575.0,1550.0,1547.5,1472.5,1495.0,1497.5,1500.0,1500.0,1500.0,1625.0,1700.0,1750.0,1795.0,1650.0,1500.0,1600.0,1600.0,1550.0,1525.0,1601.0,1675.0,1700.0,1700.0,1725.0,1850.0,1825.0,1850.0,1750.0,1797.5,1650.0,1700.0,1725.0,1725.0,1795.0,1700.0,1825.0,1897.5,1912.5,1800.0,1750.0,1800.0,1800.0,1795.0,1750.0,1750.0,1750.0,1792.5,1765.0,1950.0,1900.0,1900.0,1897.5,1800.0,1800.0,1800.0,1850.0,1850.0,1850.0,1850.0,1900.0,1900.0,1900.0,1975.0,1895.0,1950.0,1900.0,1950.0,1967.0,2000.0,2000.0,1950.0,1950.0,1900.0,1950.0,2000.0,1992.5,2000.0,1975.0,1975.0,1950.0,1999.0,1950.0,2000.0,2075.0,2000.0,1949.0,1975.0,2000.0,1900.0,1995.0,1900.0
Northwest Brooklyn,Brooklyn,submarket,2300.0,2300.0,2285.0,2300.0,2400.0,2400.0,2472.0,2500.0,2600.0,2600.0,2495.0,2400.0,2500.0,2500.0,2500.0,2500.0,2500.0,2575.0,2600.0,2734.0,2800.0,2800.0,2700.0,2700.0,2800.0,2797.5,2800.0,2800.0,2800.0,2800.0,2885.0,3000.0,3089.0,3000.0,3000.0,3000.0,2857.0,2900.0,2950.0,2995.0,3000.0,3000.0,3000.0,3075.0,3000.0,2975.0,2900.0,2900.0,2950.0,2950.0,2950.0,2950.0,2950.0,2950.0,2950.0,3000.0,2900.0,2990.0,3000.0,2900.0,2900.0,2916.0,3000.0,3000.0,3000.0,2997.0,3000.0,3000.0,3100.0,3000.0,3000.0,2995.0,3000.0,3000.0,3030.0,3055.0,3100.0,3090.0,3080.0,3050.0,3000.0,3000.0,2979.0,2905.5,2950.0,2995.0,2950.0,2995.0,3000.0,3000.0,3000.0,3000.0,2995.0,2996.5,2925.0,2980.0,2995.0,2950.0
Northwest Queens,Queens,submarket,1800.0,1800.0,1950.0,1944.0,1950.0,2000.0,2000.0,2030.0,2200.0,2312.5,2197.5,2100.0,1900.0,2000.0,1900.0,1897.5,1995.0,2100.0,2150.0,2200.0,2455.0,2200.0,2600.0,2275.0,2200.0,2820.0,2792.5,2770.0,2735.0,2720.0,2755.0,2755.0,2672.0,2590.0,2400.0,2370.0,2300.0,2300.0,2200.0,2300.0,2300.0,2300.0,2375.0,2500.0,2562.5,2450.0,2500.0,2397.5,2340.0,2250.0,2200.0,2500.0,2400.0,2495.0,2395.0,2395.0,2350.0,2350.0,2300.0,2277.5,2300.0,2290.0,2300.0,2400.0,2400.0,2400.0,2400.0,2485.5,2400.0,2375.0,2400.0,2395.0,2350.0,2400.0,2400.0,2450.0,2500.0,2500.0,2500.0,2550.0,2500.0,2400.0,2395.0,2350.0,2300.0,2300.0,2300.0,2300.0,2300.0,2350.0,2354.5,2449.0,2400.0,2350.0,2350.0,2300.0,2250.0,2250.0
Norwood,Bronx,neighborhood,,,,,,,,,,,,,,,,,,,,,,,,,,,,,,,,,,,,,,,,1595.0,,,,,,1225.0,1200.0,,,1200.0,1200.0,,,,1300.0,1300.0,1300.0,1347.5,1400.0,1325.0,1297.5,1400.0,1449.5,1424.5,1400.0,1472.5,1400.0,1400.0,1449.5,1424.5,1400.0,1373.5,1350.0,1350.0,1425.0,1497.5,1425.0,1399.5,1425.0,1400.0,1495.0,1500.0,1500.0,1462.5,1475.0,1500.0,1475.0,1495.0,1485.0,1485.0,1500.0,1550.0,1550.0,1675.0,1695.0,1500.0,1690.0,1622.5
Oakland Gardens,Queens,neighborhood,,,,,,,,,,,,,,,,,,,,,,,,,,,,,,,,,,,,,,,,,,,,,,,,,,,,,,,,2000.0,,,,,1900.0,,,2100.0,2025.0,1950.0,1950.0,1800.0,1950.0,1850.0,1850.0,,,,1850.0,2150.0,2299.0,2350.0,2000.0,1800.0,2100.0,2175.0,2100.0,1737.5,1700.0,1725.0,1725.0,2000.0,2150.0,1887.5,2100.0,1850.0,1750.0,1712.5,,,,
Ocean Parkway,Brooklyn,neighborhood,,,,,,,,,,,,,,1287.5,1349.0,,,,1550.0,,1400.0,1475.0,,1300.0,1400.0,1300.0,1300.0,,1375.0,1375.0,1375.0,1400.0,,,,1350.0,1350.0,1400.0,1375.0,1572.5,1572.5,,1575.0,1587.5,1700.0,1560.0,1425.0,,,1395.0,1625.0,1700.0,1550.0,1650.0,1562.5,1495.0,1450.0,1625.0,1625.0,1497.5,1487.5,1475.0,1800.0,1750.0,1575.0,1600.0,1525.0,1500.0,1675.0,1595.0,1550.0,1550.0,1592.5,1650.0,1585.0,1650.0,1737.5,1725.0,1875.0,1875.0,1700.0,1862.5,1937.5,1937.5,1800.0,1950.0,2055.0,2157.5,2000.0,2000.0,1750.0,1900.0,1850.0,1850.0,1700.0,1675.0,1687.5,1855.0
Old Mill Basin,Brooklyn,neighborhood,,,,,,,,,,,,,,,,,,,,,,,,,,,,,,,,,,,,,,,,,,,,,,,,,,,,,,,,,,,,,,,,,,,,,,,,,,,,,,,,,,,,,,,,,,,,,,,,,,
Ozone Park,Queens,neighborhood,,,,,,,,,,,,,,,,,,,,,,,,,,,,,,,,,,,,,,,,,,,,,,,,,,,,,,,,,,,,,,,,,,,,,,,,,,,,,,,,,,,,,,,,,,,,,,,,,,
Park Slope,Brooklyn,neighborhood,2200.0,2150.0,2200.0,2200.0,2450.0,2485.0,2400.0,2400.0,2600.0,2500.0,2350.0,2395.0,2447.5,2495.0,2500.0,2525.0,2550.0,2700.0,2600.0,2695.0,2800.0,2800.0,2800.0,2707.5,2600.0,2550.0,2700.0,2750.0,2700.0,2850.0,2700.0,2700.0,2850.0,2850.0,2950.0,2800.0,2650.0,2600.0,2595.0,2650.0,2800.0,2800.0,2750.0,2800.0,2750.0,2697.5,2622.0,2606.5,2600.0,2695.0,2695.0,2700.0,2800.0,2850.0,2800.0,2800.0,2800.0,2850.0,2800.0,2800.0,2844.0,2875.0,2900.0,2850.0,2900.0,2950.0,2985.0,2850.0,2800.0,2800.0,2800.0,2800.0,2850.0,2800.0,2800.0,2850.0,2895.0,2900.0,2900.0,2900.0,2900.0,2800.0,2800.0,2800.0,2795.0,2750.0,2700.0,2700.0,2793.0,2800.0,2800.0,2800.0,2899.5,2800.0,2800.0,2800.0,2800.0,2795.0
Parkchester,Bronx,neighborhood,,,,,,,,,,,,,,1300.0,,,1100.0,1162.5,,,,,,,,,,,,,,,,,,,,,,1300.0,,1237.5,,,1425.0,1237.5,1100.0,,,,,,,,1240.0,1240.0,1225.0,1255.0,1262.0,1243.5,1300.0,1415.0,1414.0,1225.0,1250.0,1237.5,1225.0,1295.0,1298.5,1297.0,1250.0,1400.0,1620.0,,,,,,1500.0,1840.0,1615.0,1558.0,1558.0,1550.0,1558.0,1680.0,1625.0,1846.0,1680.0,1602.5,1602.5,1595.0,1607.5,1450.0,1395.0,1395.0,1399.0,1425.0
Pelham Bay,Bronx,neighborhood,,,,,,,,,,,,,,,,,,,,,,,,,,,,,,,,,,,,,,,,,,,,,,,,,,,,,,,,,,,,,,2000.0,1386.0,1300.0,,,2125.0,,,,,1500.0,,,,,,,,,,1500.0,1500.0,1500.0,1412.5,1375.0,,,1395.0,1550.0,1562.5,1625.0,1700.0,1625.0,,1500.0,,
Pelham Gardens,Bronx,neighborhood,,,,,,,,,,,,,,,,,,,,,,,,,,,,,,,,,,,,,,,,,,,,,,,,,,,,,,,,,,,,,,,,,,,,,,,,,,1899.0,,,,,,,,,,,,,,,,,,1750.0,,,1800.0,,,
Pelham Parkway,Bronx,neighborhood,,,,,,,,,,,,,,,,,,,,,,,,,,,,,,,,,,,,,,,,,,,,,,,,,,,1299.0,1350.0,1375.0,1399.0,1472.0,1400.0,1400.0,1400.0,1400.0,1400.0,1400.0,1400.0,1400.0,1450.0,1400.0,1483.5,1400.0,1450.0,1450.0,1475.0,1500.0,1500.0,1450.0,1450.0,1450.0,1450.0,1450.0,1500.0,1500.0,1500.0,1500.0,1600.0,1500.0,1500.0,1500.0,1550.0,1562.5,1587.5,1575.0,1575.0,1575.0,1600.0,1600.0,1600.0,1600.0,1600.0,1837.5,1775.0
Pomonok,Queens,neighborhood,,,,,,,,,,,,,,,,,,,,,,,,,,,,,,,,,,,,,,,,,,,,,,,,,,,,,,,,,,,,,,,,,,,,,,,,,,,,,,,,,,,,,,,,,,,2200.0,,,,,,,
Port Morris,Bronx,neighborhood,,,,,,,,,,,,,,,,,,,,,,,,,,,,,,,,,,,,,,,,,,,,,,,,,,,,,,,,,,,,,,,,,,,,,,,,,,,,,,,,,,,,,,,,,,,,,,,,,,
Prospect Heights,Brooklyn,neighborhood,2150.0,2150.0,2000.0,2300.0,2000.0,2400.0,2300.0,2100.0,2000.0,2375.0,2250.0,1925.0,2300.0,2475.0,2395.0,2525.0,2595.0,2500.0,2550.0,2700.0,2700.0,2550.0,2500.0,2450.0,2200.0,2250.0,2397.5,2500.0,2400.0,2600.0,2500.0,2650.0,2450.0,2500.0,2400.0,2275.0,2450.0,2700.0,2500.0,2750.0,2500.0,2500.0,2650.0,2999.0,2900.0,2800.0,2600.0,2600.0,2500.0,2700.0,2400.0,2750.0,2800.0,2800.0,3000.0,2800.0,2800.0,2695.0,2695.0,2600.0,2750.0,2720.0,2720.0,2700.0,2900.0,2850.0,2895.0,2999.0,2798.0,2727.0,2800.0,2800.0,2700.0,2800.0,2900.0,2850.0,2850.0,2850.0,2800.0,2825.0,2995.0,2985.0,2700.0,2650.0,2700.0,2800.0,2812.5,2850.0,2955.5,2966.0,2950.0,2900.0,2900.0,2800.0,2800.0,2800.0,2800.0,2997.5
Prospect Lefferts Gardens,Brooklyn,neighborhood,1795.0,,,,,,,,,,1300.0,1250.0,1400.0,1400.0,1400.0,1325.0,1550.0,1250.0,1250.0,1450.0,1500.0,1487.5,1500.0,1625.0,1600.0,1697.5,1825.0,1800.0,2000.0,1800.0,1697.5,1695.0,1650.0,1650.0,1672.5,1650.0,1550.0,1487.5,1800.0,1950.0,2325.0,2400.0,2150.0,2200.0,1950.0,1900.0,1800.0,1700.0,1725.0,1725.0,1800.0,1900.0,1800.0,2000.0,1950.0,1950.0,2000.0,1797.0,1797.0,1800.0,1750.0,1750.0,1785.0,1795.0,1800.0,1700.0,1700.0,1750.0,1750.0,1900.0,1875.0,1800.0,1897.5,1950.0,1950.0,2000.0,2030.0,2015.0,2100.0,2185.0,2200.0,2200.0,2177.5,2154.0,2141.0,2200.0,2199.5,2197.5,2095.0,2150.0,2200.0,2100.0,2111.5,2085.0,2000.0,2150.0,2022.5,2200.0
Prospect Park,Brooklyn,submarket,2100.0,2100.0,2100.0,2200.0,2200.0,2300.0,2350.0,2300.0,2400.0,2400.0,2200.0,2200.0,2299.0,2300.0,2400.0,2450.0,2497.5,2500.0,2550.0,2550.0,2700.0,2612.5,2595.0,2500.0,2450.0,2400.0,2500.0,2597.5,2600.0,2700.0,2600.0,2500.0,2600.0,2600.0,2600.0,2500.0,2500.0,2500.0,2500.0,2500.0,2550.0,2700.0,2650.0,2700.0,2700.0,2619.0,2595.0,2500.0,2500.0,2500.0,2499.0,2500.0,2650.0,2700.0,2700.0,2650.0,2700.0,2625.0,2600.0,2600.0,2650.0,2600.0,2600.0,2625.0,2700.0,2700.0,2750.0,2700.0,2600.0,2600.0,2615.0,2600.0,2600.0,2595.0,2600.0,2700.0,2700.0,2695.0,2600.0,2600.0,2650.0,2650.0,2600.0,2600.0,2545.0,2550.0,2575.0,2600.0,2650.0,2700.0,2695.0,2700.0,2650.0,2599.0,2500.0,2499.0,2500.0,2500.0
Prospect Park South,Brooklyn,neighborhood,,,,,,,,,,,,,,,,,,,,,,,,,,,,,,,1350.0,1200.0,1350.0,,,,1700.0,1550.0,1400.0,1400.0,1450.0,1600.0,1450.0,1450.0,1425.0,1700.0,2000.0,1900.0,1725.0,2195.0,2200.0,2147.5,2262.5,2100.0,2292.5,2175.0,2300.0,2300.0,2398.0,2200.0,2100.0,1900.0,2000.0,2025.0,2050.0,1800.0,1800.0,1900.0,1912.5,1998.0,2192.0,2150.0,2150.0,2195.0,2150.0,2150.0,2100.0,2100.0,2112.5,2000.0,2072.5,2100.0,2100.0,1972.5,1995.0,1995.0,1999.0,2150.0,2239.5,2150.0,1999.0,2000.0,2025.0,1999.0,1950.0,1995.0,2100.0,2024.5
Queens,Queens,borough,1667.5,1695.0,1700.0,1675.0,1550.0,1550.0,1550.0,1550.0,1575.0,1600.0,1550.0,1550.0,1550.0,1550.0,1650.0,1650.0,1750.0,1800.0,1775.0,1800.0,1850.0,1772.5,1795.0,1800.0,1800.0,2496.5,2500.0,2380.0,2497.5,2450.0,2437.0,2375.0,2200.0,2125.0,2000.0,2000.0,2000.0,2000.0,2000.0,2000.0,2100.0,2100.0,2200.0,2250.0,2300.0,2200.0,2175.0,2100.0,2100.0,2099.0,2000.0,2250.0,2100.0,2322.5,2200.0,2200.0,2150.0,2100.0,2100.0,2100.0,2100.0,2100.0,2100.0,2100.0,2195.0,2200.0,2200.0,2250.0,2200.0,2200.0,2200.0,2200.0,2200.0,2200.0,2200.0,2300.0,2300.0,2300.0,2300.0,2350.0,2300.0,2250.0,2211.0,2250.0,2200.0,2200.0,2200.0,2200.0,2200.0,2200.0,2250.0,2300.0,2250.0,2200.0,2200.0,2195.0,2150.0,2150.0
Queens Village,Queens,neighborhood,,,,,,,,,,,,,,,,,,,,,,,,,,,,,,,,,,,,,,,,,,,,,,,,,,,,,,,,,,,,,,,,,,,,,,,,,,,,,,,,,,1850.0,,,,,,,,,,,,,,,,1800.0
Queensboro Hill,Queens,neighborhood,,,,,,,,,,,,,,,,,,,,,,,,,,,,,,,,,,,,,,,,,,,,,,,,,,,,,,,,,,,,,,,,,,,,,,,,,,,,,,,,,,,,,,,,,,,,,,,,,,
Red Hook,Brooklyn,neighborhood,2000.0,,,,,,,,2150.0,2000.0,1800.0,1850.0,1750.0,,,,,1925.0,1775.0,,,2250.0,2300.0,2300.0,1950.0,1950.0,2000.0,2300.0,2250.0,2300.0,2400.0,2400.0,2350.0,2350.0,2200.0,2400.0,2500.0,2500.0,2500.0,2500.0,2550.0,2550.0,2500.0,2400.0,2700.0,2500.0,2425.0,2425.0,2550.0,2500.0,2500.0,2500.0,2695.0,2800.0,2650.0,2500.0,2550.0,2500.0,2600.0,2600.0,2500.0,2300.0,2450.0,2400.0,2500.0,2500.0,2406.0,2299.5,2100.0,2655.0,2815.0,3000.0,3000.0,3150.0,2950.0,3000.0,2874.5,2672.5,2950.0,3000.0,2999.0,2697.5,2647.5,2375.0,2475.0,2500.0,2850.0,2699.0,2599.5,2699.0,2650.0,2800.0,2799.5,2850.0,2875.0,2850.0,2700.0,2750.0
Rego Park,Queens,neighborhood,1362.5,1400.0,1425.0,1300.0,1400.0,1800.0,1635.0,1567.5,1350.0,1374.5,1400.0,1400.0,1525.0,1500.0,1500.0,1617.5,1775.0,1700.0,1575.0,1450.0,1500.0,1550.0,1675.0,1525.0,1610.0,1550.0,1525.0,1400.0,1540.0,1525.0,1500.0,1500.0,1465.0,1500.0,1500.0,1550.0,1600.0,1600.0,1600.0,1450.0,1450.0,1582.0,1800.0,1687.5,1700.0,1787.5,1700.0,1704.0,1716.5,1850.0,1800.0,1725.0,1725.0,1725.0,1775.0,1800.0,1850.0,1850.0,1850.0,1925.0,1900.0,1900.0,1900.0,1850.0,1875.0,1900.0,2000.0,2000.0,2000.0,2100.0,2100.0,2100.0,2150.0,2200.0,2100.0,2100.0,2150.0,2150.0,2225.0,2300.0,2325.0,2300.0,2300.0,2375.0,2200.0,2185.0,2152.5,2111.0,2075.0,2118.0,2150.0,2297.5,2200.0,2200.0,2000.0,2000.0,2000.0,2025.0
Richmond Hill,Queens,neighborhood,,,,,,,,,,,,,,,,,,,,,,,,,,,,,,,,,,,,,,,,,,,,,,,,,,,,,,,,,,,,,,,,,,,,,,,,,,,,,,,,,,,,,,,,,,1650.0,1700.0,,,,,,,
Ridgewood,Queens,neighborhood,,,,,,,,,,,,,,,,,,,,,,1525.0,1500.0,,,2705.0,2915.0,2760.0,1850.0,1800.0,2339.5,2567.0,1597.5,2391.5,2292.0,2384.0,2371.5,2245.5,2200.0,2246.0,2049.5,1800.0,2100.0,1900.0,1800.0,2600.0,2600.0,2600.0,2225.0,2000.0,2090.0,2150.0,2300.0,2100.0,2000.0,2200.0,2200.0,2199.0,2200.0,2200.0,2300.0,2400.0,2315.0,2200.0,2400.0,2395.0,2295.0,2400.0,2300.0,2250.0,2300.0,2300.0,2300.0,2525.0,2399.5,2400.0,2500.0,2500.0,2672.5,2500.0,2499.0,2200.0,2250.0,2300.0,2425.0,2500.0,2499.5,2424.5,2500.0,2600.0,2650.0,2499.5,2400.0,2292.0,2137.5,2300.0,2300.0,2375.0
Riverdale,Bronx,neighborhood,2000.0,1897.5,1750.0,1885.0,1900.0,2100.0,2400.0,2750.0,2300.0,1900.0,2000.0,2000.0,1775.0,1600.0,2100.0,1947.5,1947.5,2000.0,1937.5,1850.0,1800.0,1995.0,1995.0,1750.0,1800.0,1997.0,1922.5,1995.0,1850.0,1750.0,1800.0,1852.5,2000.0,1995.0,1850.0,1800.0,1800.0,1800.0,1825.0,1825.0,1900.0,1875.0,1999.0,2000.0,2147.5,1975.0,2062.0,1938.0,1850.0,1895.0,1997.5,2050.0,2050.0,2100.0,2125.0,2100.0,2100.0,2100.0,2100.0,2100.0,2097.5,2125.0,2100.0,2095.0,2000.0,2099.5,2075.0,2150.0,2000.0,2050.0,2062.5,2050.0,1955.0,1860.0,2000.0,2000.0,2257.5,2150.0,2200.0,2300.0,2300.0,2050.0,2100.0,2050.0,1995.0,1959.0,1950.0,2100.0,2000.0,2100.0,2200.0,2197.5,2147.5,2000.0,2000.0,2000.0,2172.5,2200.0
Rockaway All,Queens,neighborhood,,,,,,,,,,1650.0,1650.0,,,,,,,,,,,,,,,,,,,,,,,,,,,,,,,,,1282.0,1399.0,1399.0,1350.0,1300.0,1350.0,1502.5,1412.5,1374.5,1399.0,1387.0,1425.0,1530.0,1399.0,1550.0,1562.5,1475.0,1530.0,1550.0,1425.0,1487.5,1590.0,1540.0,1500.0,1550.0,1500.0,1450.0,1625.0,1449.0,1412.5,1462.0,1450.0,1500.0,1925.0,1850.0,1850.0,1900.0,1875.0,1900.0,1900.0,1875.0,1800.0,1850.0,1775.0,1600.0,1724.0,1850.0,1825.0,1719.0,1750.0,1750.0,1900.0,1739.0,1775.0,1750.0
Roosevelt Island,Manhattan,neighborhood,2576.5,2555.0,2404.0,2585.0,2585.0,2500.0,2600.0,2645.5,2600.0,2975.0,2600.0,2425.0,2312.5,2312.5,2386.0,2475.0,2775.0,2587.5,2700.0,2775.0,2775.0,2895.0,2790.0,2842.5,2425.0,2625.0,3175.0,3012.5,3197.5,3025.0,3025.0,3047.5,2812.5,3095.0,2762.5,2795.0,2850.0,3000.0,3025.0,3095.0,3172.5,3150.0,3195.0,3200.0,3250.0,2895.0,2795.0,2945.0,3250.0,3195.0,3195.0,3255.0,3372.5,3262.5,3225.0,3225.0,3022.5,2995.0,2995.0,3350.0,3010.0,3020.0,3300.0,3350.0,3230.0,3450.0,3385.0,3530.0,3195.0,2965.0,2995.0,3104.5,3160.0,3495.0,3607.0,3022.5,3655.0,3495.0,3390.0,3198.0,3330.0,3123.0,3145.5,3385.5,3182.0,3252.5,2915.0,3325.0,3277.5,3332.5,3285.0,3005.0,2785.0,2905.0,2900.0,2915.0,3080.5,3245.0
Rosedale,Queens,neighborhood,,,,,,,,,,,,,,,,,,,,,,,,,,,,,,,,,,,,,,,,,,,,,,,,,,,,,,,,,,,,,,,,,,,,,,,,,,,,,,,,,,,,,,,,,,,,,,,,,,
Schuylerville,Bronx,neighborhood,,,,,,,,,,,,,,,,,,,,,,,,,,,,,,,,,,,,,,,,,,,,,,,,,,,,,,,,,,,,,,,,,,,,,,,,,,,,,,,,,,,,,,,,,,,,,,,,,,
Seagate,Brooklyn,neighborhood,,,,,,,,,,,,,,,,,,,,,,,,,,,,,,,,,,,,,,,,,,,,,,,,,,,,,,,,,,,,,,,,,,,,,,,,,,,,,,,,,,,,,,,,,,,,,,,,,,
Sheepshead Bay,Brooklyn,neighborhood,1400.0,1225.0,1200.0,1250.0,1750.0,1725.0,,1300.0,,,2125.0,2350.0,1837.5,1525.0,1350.0,1350.0,1350.0,1412.5,1400.0,1400.0,1600.0,1425.0,1400.0,1400.0,1500.0,1500.0,1500.0,1550.0,1500.0,1400.0,1500.0,1500.0,1500.0,1400.0,1400.0,1400.0,1400.0,1500.0,1487.5,1512.5,1500.0,1600.0,1600.0,1600.0,1600.0,1563.5,1675.0,1700.0,1700.0,1600.0,1600.0,1600.0,1600.0,1600.0,1600.0,1650.0,1625.0,1590.0,1675.0,1675.0,1637.5,1610.0,1700.0,1675.0,1625.0,1595.0,1600.0,1650.0,1650.0,1750.0,1900.0,1712.5,1750.0,1850.0,1800.0,1850.0,1900.0,1825.0,1800.0,1750.0,1775.0,1792.5,1795.0,1790.0,1850.0,1950.0,1950.0,1950.0,1900.0,1850.0,1800.0,1900.0,1850.0,1712.5,1849.5,1997.5,1912.5,1892.5
Soho,Manhattan,neighborhood,5200.0,5287.5,5200.0,4950.0,4196.5,4000.0,4000.0,4100.0,5800.0,7000.0,6950.0,7100.0,5175.0,6250.0,5275.0,6000.0,6000.0,4650.0,4200.0,3841.5,5400.0,6500.0,5400.0,4950.0,5400.0,5200.0,5400.0,5400.0,5000.0,4095.0,3961.5,4395.0,4875.0,6000.0,5600.0,5500.0,5500.0,4495.0,4495.0,4995.0,4500.0,4495.0,3841.5,4125.0,4200.0,4047.5,4500.0,4750.0,4750.0,4300.0,4500.0,4500.0,4450.0,3995.0,4000.0,3850.0,4000.0,4612.0,4500.0,4100.0,4500.0,4500.0,4500.0,4750.0,4977.0,4595.0,4387.5,4500.0,4995.0,5600.0,5500.0,5020.0,4850.0,4188.0,4538.0,4900.0,4650.0,4594.0,4647.5,4500.0,5497.5,5500.0,5750.0,5160.5,4995.0,4795.0,4557.5,4700.0,4500.0,4500.0,5005.0,4898.0,4800.0,5200.0,5537.5,6495.0,5500.0,5846.0
Soundview,Bronx,neighborhood,,,,,,,,,,,,,,,,,,,,,,,,,,,,,,,,,,,,,,,,,,,,,,,,,,,,,,,,,,,1262.5,1400.0,1395.0,1395.0,1400.0,1400.0,1450.0,1325.0,1325.0,1300.0,1290.0,1400.0,1487.5,1750.0,1700.0,1550.0,1765.0,,,,1606.0,1600.0,1587.5,1579.5,1584.0,1675.0,1700.0,1800.0,1650.0,1675.0,1700.0,1750.0,1700.0,1875.0,1675.0,1687.5,,,,1687.5
South Brooklyn,Brooklyn,submarket,1592.5,1550.0,1487.5,1450.0,1500.0,1500.0,1500.0,1425.0,1500.0,1400.0,1450.0,1450.0,1400.0,1395.0,1425.0,1500.0,1500.0,1562.5,1550.0,1500.0,1500.0,1500.0,1497.5,1450.0,1500.0,1500.0,1500.0,1550.0,1600.0,1550.0,1595.0,1600.0,1600.0,1550.0,1550.0,1600.0,1500.0,1500.0,1525.0,1600.0,1600.0,1650.0,1650.0,1750.0,1745.0,1700.0,1682.5,1650.0,1650.0,1650.0,1650.0,1650.0,1800.0,1800.0,1800.0,1775.0,1750.0,1700.0,1750.0,1750.0,1750.0,1750.0,1800.0,1845.5,1850.0,1850.0,1850.0,1900.0,1900.0,1900.0,1900.0,1900.0,1900.0,1900.0,1900.0,1995.0,1995.0,2000.0,1995.0,2000.0,1995.0,1995.0,1995.0,1960.0,1950.0,1990.0,1950.0,1999.0,1999.0,2000.0,2000.0,2000.0,1999.0,2000.0,1956.5,1975.0,2000.0,2000.0
South Jamaica,Queens,neighborhood,,,,,,,,,,,,,,,,,,,,,,,,,,,,,,,,,,,,,,,,,,,,,,,,,,,,,,,,,,,,,,,,,,,,,,,,,,,,,,,,,,,,,,,,,2200.0,2397.5,2500.0,,,,,,,
South Ozone Park,Queens,neighborhood,,,,,,,,,,,,,,,,,,,,,,,,,,,,,,,,,,,,,,,,,,,,,,,,,,,,,,,,,,,,,,,,,,,,,,,,,,,,,,,,,,,,,,,,,,,,,,,,,,
South Queens,Queens,submarket,,,,,,,,,,,,,1550.0,1550.0,1550.0,1562.5,1525.0,1250.0,1250.0,1450.0,1500.0,1450.0,1575.0,1600.0,1500.0,1499.5,1499.0,1479.0,1499.0,1600.0,1459.0,1400.0,1400.0,1400.0,1335.0,1335.0,1450.0,1500.0,1500.0,1550.0,1525.0,1450.0,1522.5,1550.0,1650.0,1600.0,1595.0,1600.0,1637.5,1595.0,1595.0,1547.5,1595.0,1597.5,1595.0,1695.0,1675.0,1600.0,1600.0,1650.0,1700.0,1700.0,1700.0,1662.5,1725.0,1650.0,1650.0,1650.0,1650.0,1587.5,1575.0,1650.0,1625.0,1700.0,1675.0,1875.0,1700.0,1700.0,1800.0,1897.5,1854.0,1800.0,1850.0,1852.5,1795.0,1750.0,1900.0,1975.0,1950.0,1975.0,1950.0,1825.0,1950.0,1995.0,1900.0,1862.5,1900.0,1850.0
South Richmond Hill,Queens,neighborhood,,,,,,,,,,,,,,,,,,,,,,,,,,,,,,,,,,,,,,,,,,,,,,,,,,,,,,,,,,,,,,,,,,,,,,,,,,,,,,,,,,,,,,,,,,,,,,,,,,
Springfield Gardens,Queens,neighborhood,,,,,,,,,,,,,,,,,,,,,,,,,,,,,,,,,,,,,,,,,,,,,,,,,,,,,,,,,,,,,,,,,,,,,,,,,,,,,,,,,,,,,,,,,,,,,,,,,,
St. Albans,Queens,neighborhood,,,,,,,,,,,,,,,,,,,,,,,,,,,,,,,,,,,,,,,,,,,,,,,,,,,,,,,,,,,,,,,,,,,,,,,,1500.0,,,,,,,,,,,,,,,,,,,,,,,,,,
Staten Island,Staten Island,borough,,,,,,,,,,,,,,,,,,,,,,,,,,,,,,1425.0,1400.0,1400.0,1400.0,1500.0,1840.0,2182.5,2095.0,2095.0,2182.5,1995.0,1325.0,1325.0,1312.5,1650.0,2100.0,1175.0,1175.0,1350.0,1452.5,1475.0,1775.0,1700.0,1700.0,1650.0,1650.0,1795.0,1700.0,1600.0,1775.0,1700.0,1575.0,1625.0,1500.0,1500.0,1500.0,1650.0,1750.0,1884.5,1850.0,1687.5,1822.5,1900.0,1950.0,1900.0,1975.0,2000.0,2075.0,2075.0,2075.0,2000.0,2000.0,1960.0,1917.5,1980.0,1950.0,1900.0,1875.0,1917.5,2000.0,2072.5,1950.0,2000.0,1790.0,1875.0,1887.5,1925.0,1850.0,1882.0
Stuyvesant Town/PCV,Manhattan,neighborhood,,,,,,2902.5,,,,,,,,,,,,,,,,,3962.5,3574.0,3817.0,3555.0,3455.0,3705.0,3443.0,3516.0,3615.0,3760.0,3700.0,3650.0,3825.0,3800.0,3900.0,3807.5,3457.5,2965.0,2965.0,2965.0,,,,4190.0,4190.0,3299.0,3317.0,3641.0,3651.5,3820.0,3791.0,3567.0,3629.0,3603.0,3508.5,3421.0,3285.5,3500.0,3500.0,3637.0,4080.5,4215.0,3718.0,3546.5,3682.0,3711.0,3699.0,3761.5,3778.5,3691.0,3926.0,3946.5,4267.0,4170.0,4019.0,4070.0,4430.0,4271.0,4157.0,4103.5,3985.0,3889.0,4054.5,3902.0,4040.0,4112.0,4106.5,4216.0,4182.0,4253.0,4440.0,4644.0,4435.0,4710.0,4420.0,4246.0
Sunnyside,Queens,neighborhood,1517.5,1475.0,1500.0,1550.0,1450.0,1400.0,1400.0,1460.0,1475.0,1460.0,1445.0,1445.0,1475.0,1445.0,1462.5,1535.0,1475.0,1550.0,1550.0,1637.5,1572.5,1525.0,1625.0,1650.0,1650.0,1650.0,1650.0,1650.0,1650.0,1725.0,1662.5,1650.0,1500.0,1550.0,1525.0,1622.5,1585.0,1595.0,1600.0,1625.0,1675.0,1800.0,1700.0,1700.0,1775.0,1700.0,1725.0,1750.0,1775.0,1800.0,1850.0,1850.0,1850.0,1875.0,1800.0,1800.0,1800.0,1850.0,1850.0,1895.0,1875.0,1850.0,1800.0,1885.0,1950.0,1950.0,2000.0,2000.0,2000.0,2099.0,2050.0,2050.0,2050.0,2000.0,2000.0,2000.0,1975.0,1962.5,1975.0,2025.0,2050.0,2017.5,2000.0,2000.0,2000.0,1950.0,1950.0,1950.0,2000.0,2000.0,2000.0,2000.0,1975.0,2000.0,1995.0,2000.0,1975.0,1950.0
Sunset Park,Brooklyn,neighborhood,1500.0,1500.0,1400.0,1400.0,1425.0,1450.0,1400.0,1425.0,1375.0,1487.5,1337.5,1287.5,1075.0,1500.0,1650.0,1500.0,1350.0,1425.0,1400.0,1400.0,,,,,,,1525.0,,,1597.5,1647.5,1850.0,1850.0,1750.0,1700.0,1700.0,1600.0,1450.0,1750.0,1675.0,1800.0,1850.0,1800.0,1843.0,1900.0,1850.0,1600.0,1700.0,1500.0,1500.0,1700.0,1800.0,1833.0,1862.5,1875.0,1850.0,1850.0,1850.0,1900.0,1900.0,1824.5,1850.0,1862.5,1995.0,2000.0,2000.0,1950.0,1850.0,1850.0,1950.0,1875.0,2000.0,2000.0,1997.5,1995.0,2000.0,2000.0,2200.0,2000.0,2000.0,2000.0,2000.0,2000.0,1960.0,1960.0,1950.0,2000.0,2000.0,2025.0,2050.0,2195.0,2025.0,2050.0,2000.0,2000.0,2000.0,1999.0,2000.0
The Rockaways,Queens,submarket,,,,,,,,,,1650.0,1650.0,,,,,,,,,,,,,,,,,,,,,,,,,,,,,,,,,1282.0,1399.0,1399.0,1350.0,1300.0,1350.0,1502.5,1412.5,1374.5,1399.0,1387.0,1425.0,1530.0,1399.0,1550.0,1562.5,1475.0,1530.0,1550.0,1425.0,1487.5,1590.0,1540.0,1500.0,1550.0,1500.0,1450.0,1625.0,1449.0,1412.5,1462.0,1450.0,1500.0,1925.0,1850.0,1850.0,1900.0,1875.0,1900.0,1900.0,1875.0,1800.0,1850.0,1775.0,1600.0,1724.0,1850.0,1825.0,1719.0,1750.0,1750.0,1900.0,1739.0,1775.0,1750.0
Throgs Neck,Bronx,neighborhood,,,,,,,,,,,,,,,,,,,,,,,,,,,,,,,,,,,,,,,,,,,,,,,,,,,,,,,,,,,,,,,2000.0,,2200.0,2374.5,,2350.0,1900.0,1800.0,2199.0,1850.0,1900.0,,,,,1545.0,,,,,1800.0,,,,,,1750.0,2000.0,1950.0,,2150.0,1950.0,1850.0,1800.0,2100.0,1850.0
Tremont,Bronx,neighborhood,,,,,,,,,,,,,,,,,,,,,,,,,,,,,,,,,,,,,,,,,,,,,,,,,,,,,,,,,1300.0,,,,,,1350.0,1574.5,1475.0,1550.0,1699.0,1699.0,1312.5,1300.0,1350.0,1362.5,1597.5,1572.5,1425.0,1485.0,1497.5,1675.0,1675.0,1699.0,1567.5,1550.0,1547.0,1350.0,1350.0,1350.0,1375.0,1525.0,1625.0,1600.0,1750.0,1725.0,1724.5,1700.0,1700.0,1600.0,1700.0,1825.0
Tribeca,Manhattan,neighborhood,6625.0,6750.0,6500.0,6500.0,6500.0,6500.0,6000.0,5200.0,5650.0,5650.0,5900.0,5995.0,6500.0,6725.0,6500.0,5547.5,6000.0,6395.0,6500.0,6395.0,6445.0,6095.0,6497.5,6795.0,7975.0,7000.0,6000.0,6495.0,6950.0,6995.0,7500.0,6695.0,6500.0,6995.0,6995.0,6995.0,7000.0,6395.0,6000.0,6500.0,6897.5,6875.0,6850.0,6000.0,6000.0,5600.0,5962.5,5997.5,5795.0,5375.0,5497.5,5500.0,6072.5,6295.0,6000.0,6422.5,6400.0,6675.0,6150.0,6300.0,6000.0,7000.0,7100.0,6900.0,6850.0,6550.0,6495.0,6495.0,6445.0,6295.0,6122.5,5895.0,6095.0,6441.0,6500.0,7100.0,7893.5,7997.0,8000.0,7650.0,7997.0,8000.0,7823.5,8000.0,7950.0,7570.0,7925.0,7950.0,7545.0,7500.0,8400.0,6095.0,5995.0,5995.0,5675.0,6400.0,6432.5,6400.0
University Heights,Bronx,neighborhood,1100.0,,,,,,,,,,,,,,,,,,1125.0,,1112.5,1125.0,1100.0,,,,1112.5,1125.0,1225.0,,,1175.0,1150.0,1112.5,1199.0,1199.0,1175.0,1187.5,1200.0,1160.0,1150.0,1199.0,1152.5,1200.0,1225.0,1210.0,1150.0,1162.5,1192.0,1300.0,1300.0,1300.0,1275.0,1300.0,1287.5,1350.0,1399.0,1400.0,1298.0,1295.0,1300.0,1250.0,1295.0,1300.0,1375.0,1355.0,1352.5,1300.0,1350.0,1350.0,1350.0,1324.5,1350.0,1400.0,1400.0,1357.5,1400.0,1575.0,1562.0,1499.0,1550.0,1649.0,1450.0,1450.0,1550.0,1650.0,1662.5,1675.0,1495.0,1550.0,1500.0,1625.0,1597.5,1550.0,1600.0,1560.0,1637.5,1500.0
Upper East Side,Manhattan,neighborhood,2469.0,2450.0,2400.0,2500.0,2550.0,2575.0,2595.0,2500.0,2595.0,2550.0,2500.0,2550.0,2500.0,2500.0,2475.0,2500.0,2600.0,2695.0,2650.0,2695.0,2797.0,2800.0,2825.0,2800.0,2700.0,2700.0,2695.0,2700.0,2695.0,2750.0,2700.0,2730.0,2825.0,2795.0,2850.0,2849.5,2795.0,2800.0,2795.0,2750.0,2750.0,2750.0,2700.0,2800.0,2875.0,2850.0,2800.0,2800.0,2750.0,2750.0,2700.0,2700.0,2700.0,2700.0,2700.0,2700.0,2750.0,2750.0,2800.0,2835.0,2850.0,2900.0,2895.0,2875.0,2950.0,2992.5,2950.0,2995.0,3050.0,2995.0,2900.0,2950.0,2995.0,2970.0,3000.0,3000.0,3000.0,2995.0,2975.0,2940.0,2950.0,2950.0,2975.0,3000.0,2970.0,2995.0,2950.0,2950.0,2950.0,2950.0,2925.0,2900.0,2995.0,2950.0,2995.0,2990.0,2925.0,2900.0
Upper West Side,Manhattan,neighborhood,2895.0,2800.0,2750.0,2800.0,2800.0,2795.0,2800.0,2875.0,2995.0,3000.0,3000.0,2995.0,2995.0,3000.0,2950.0,3000.0,3000.0,3100.0,3100.0,3200.0,3250.0,3300.0,3400.0,3495.0,3300.0,3200.0,3035.0,3150.0,3200.0,3200.0,3250.0,3300.0,3312.5,3350.0,3350.0,3300.0,3200.0,3230.0,3200.0,3200.0,3250.0,3150.0,3199.0,3250.0,3295.0,3300.0,3200.0,3249.0,3200.0,3195.0,3200.0,3295.0,3295.0,3280.0,3200.0,3200.0,3295.0,3300.0,3285.0,3275.0,3295.0,3300.0,3250.0,3300.0,3345.0,3395.0,3400.0,3500.0,3572.5,3505.0,3515.0,3500.0,3450.0,3450.0,3450.0,3475.0,3495.0,3450.0,3495.0,3445.0,3495.0,3480.0,3400.0,3382.0,3316.5,3347.0,3299.5,3300.0,3350.0,3390.0,3387.0,3395.0,3395.0,3400.0,3350.0,3335.0,3350.0,3295.0
Utopia,Queens,neighborhood,,,,,,,,,,,,,,,,,,,,,,,,,,,,,,,,,,,,,,,,,,,,,,,,,,,,,,,,,,,,,,,,,,,,,,,,,,,,,,,,,,,,,,,,,,,,,,,,,,
Van Nest,Bronx,neighborhood,,,,,,,,,,,,,,,,,,,,,,,,,,,,,,,,,,,,,,,,,,,,,,,,,,,,,,,,,,,,,,,,,,,,,,1325.0,,1300.0,,1350.0,1325.0,,,,,,,,,,,,,,,,,,,,,,2100.0,2100.0
Wakefield,Bronx,neighborhood,,,,,,,,,,,,,,,,,,,,,,,,,,,,,,,,,,,,,,,,,,,,,,,,,,,,,,,1450.0,1400.0,1400.0,1387.5,1337.5,1337.5,1200.0,1300.0,1387.5,1400.0,1375.0,1250.0,1250.0,1297.5,1300.0,1400.0,1400.0,1400.0,1450.0,1450.0,1450.0,1450.0,1450.0,1450.0,1450.0,1450.0,1450.0,1450.0,1395.0,1375.0,1425.0,1500.0,1700.0,1575.0,1450.0,1475.0,1475.0,,,1500.0,,,,
Washington Heights,Manhattan,neighborhood,1550.0,1545.0,1599.0,1599.0,1650.0,1653.0,1700.0,1750.0,1712.5,1750.0,1700.0,1767.5,1800.0,1750.0,1600.0,1700.0,1700.0,1650.0,1650.0,1799.5,1699.5,1695.0,1847.0,1847.0,1890.0,1843.5,1900.0,1735.0,1750.0,1750.0,1750.0,1782.5,1800.0,1800.0,1800.0,1800.0,1800.0,1800.0,1800.0,1800.0,1800.0,1847.0,1847.0,1800.0,1800.0,1750.0,1800.0,1775.5,1750.0,1750.0,1799.0,1799.5,1800.0,1850.0,1850.0,1947.5,1950.0,1950.0,1950.0,1905.5,1950.0,1900.0,1950.0,2000.0,2050.0,2000.0,2049.0,2100.0,2095.0,2000.0,2000.0,2050.0,2100.0,2100.0,2195.0,2195.0,2195.0,2150.0,2175.0,2195.0,2150.0,2195.0,2195.0,2245.0,2250.0,2150.0,2150.0,2195.0,2195.0,2195.0,2250.0,2200.0,2100.0,2185.0,2100.0,2100.0,2133.5,2125.0
West Harlem,Manhattan,neighborhood,,,,,,,,,,,1900.0,1900.0,2700.0,2700.0,2650.0,2550.0,2550.0,2550.0,2600.0,2600.0,,2500.0,1997.5,2147.5,1750.0,2200.0,2147.5,2300.0,1947.5,1900.0,1900.0,2400.0,2175.0,2200.0,1972.5,1950.0,1900.0,1997.5,2100.0,2100.0,2100.0,1925.0,2100.0,2200.0,2000.0,2250.0,2400.0,2425.0,2850.0,2800.0,2300.0,2500.0,2100.0,2200.0,2200.0,2100.0,2400.0,2250.0,2250.0,2629.0,2300.0,2250.0,2225.0,2250.0,2250.0,2600.0,2400.0,2500.0,2462.5,2300.0,2300.0,2297.5,2200.0,2297.5,2200.0,2297.5,2500.0,2850.0,2850.0,2600.0,2850.0,3000.0,2908.0,2630.0,2600.0,2600.0,2600.0,2500.0,2600.0,2725.0,2800.0,2700.0,2500.0,2600.0,2737.5,2725.0,2725.0,2725.0
West Village,Manhattan,neighborhood,3265.0,3395.0,3100.0,3200.0,3095.0,3172.5,3172.5,2950.0,3300.0,3300.0,3100.0,3300.0,3397.5,3400.0,3200.0,3450.0,3450.0,3495.0,3450.0,3500.0,3400.0,3300.0,3300.0,3300.0,3300.0,3400.0,3495.0,3495.0,3500.0,3400.0,3495.0,3495.0,3495.0,3500.0,3495.0,3600.0,3500.0,3381.0,3400.0,3495.0,3695.0,3650.0,3503.0,3550.0,3600.0,3597.5,3500.0,3650.0,3550.0,3649.5,3595.0,3650.0,3650.0,3595.0,3600.0,3600.0,3695.0,3650.0,3600.0,3610.0,3750.0,3700.0,3650.0,3600.0,3795.0,3725.0,3697.5,3772.5,3750.0,3850.0,3795.0,3850.0,3800.0,3800.0,3850.0,3895.0,3900.0,3970.0,3950.0,3895.0,3750.0,3695.0,3587.5,3565.0,3585.0,3600.0,3600.0,3690.0,3800.0,3800.0,3850.0,3800.0,3695.0,3595.0,3495.0,3500.0,3600.0,3725.0
Westchester Village,Bronx,neighborhood,,,,,,,,,,,,,,,,,,,,,,,,,,,,,,,,,,,,,,,,,,,,,,,,,,,,,,,,,,,,,,,,,,,,,,,,,,,,,,,,,,,,,,,,,,,,,,,,,,
Whitestone,Queens,neighborhood,,,,,,,,,,,,,,,,,,,,,,,,,,,,,,,,,,,,,,,,,,,,,,,,2900.0,2400.0,,,,,,,,,,,2300.0,2300.0,,,,,,,,,,,,,,2200.0,,,,,,,,,,,,,,,,,,,,,,,
Williamsbridge,Bronx,neighborhood,,,,,,,,,,,,,,,,,,,,,,,,,,,,,,,,,,,,,,,,,,,,,,,,,,,,,,,,,,,1300.0,,,,,1300.0,1300.0,1349.0,,,,1557.5,1557.5,,,,,,,,,,,,,,,2250.0,2175.0,1500.0,1950.0,1897.5,,,,,,,,
Williamsburg,Brooklyn,neighborhood,2500.0,2500.0,2500.0,2566.0,2625.0,2725.0,2775.0,2830.0,2900.0,2950.0,2800.0,2723.0,2800.0,2800.0,2763.0,2900.0,2900.0,3000.0,2900.0,2900.0,2997.0,3000.0,3041.0,2850.0,3031.0,3024.5,3000.0,3085.0,3100.0,3250.0,3200.0,3100.0,3325.0,3350.0,3350.0,3499.0,3400.0,3300.0,3200.0,3000.0,3175.0,3250.0,3200.0,3199.0,3195.0,3100.0,3105.5,2998.0,3002.0,3000.0,3071.0,3200.0,3200.0,3277.5,3250.0,3200.0,3200.0,3175.0,3050.0,3050.0,3050.0,3050.0,3050.0,3100.0,3100.5,3300.0,3350.0,3275.0,3200.0,3200.0,3250.0,3300.0,3276.0,3200.0,3117.0,3100.0,3199.0,3197.0,3195.0,3200.0,3149.5,3160.0,3100.0,3070.0,3000.0,3000.0,3029.0,3100.0,3150.0,3195.0,3149.0,3150.0,3100.0,3000.0,2970.0,2900.0,2933.0,2950.0
Windsor Terrace,Brooklyn,neighborhood,1600.0,1650.0,1650.0,1600.0,1800.0,1825.0,1995.0,2097.5,2100.0,2000.0,1875.0,1900.0,2225.0,2150.0,2050.0,2050.0,2000.0,2150.0,2400.0,2000.0,2300.0,2200.0,2375.0,2325.0,2325.0,2325.0,2350.0,2300.0,2200.0,2100.0,2050.0,2150.0,2000.0,2200.0,2200.0,1962.5,2200.0,2150.0,2150.0,2200.0,2300.0,2400.0,2300.0,2500.0,2700.0,2500.0,2500.0,2395.0,2200.0,2200.0,2400.0,2350.0,2400.0,2400.0,2400.0,2300.0,2350.0,2400.0,2472.0,2600.0,2700.0,2700.0,2640.0,2700.0,2700.0,2800.0,2800.0,2625.0,2600.0,2600.0,2484.5,2459.5,2469.0,2500.0,2500.0,2500.0,2550.0,2491.0,2400.0,2450.0,2598.0,2550.0,2550.0,2599.5,2500.0,2500.0,2400.0,2500.0,2650.0,2750.0,2600.0,2522.5,2525.0,2500.0,2430.5,2400.0,2400.0,2400.0
Woodhaven,Queens,neighborhood,,,,,,,,,,,,,,,,,,,,,,,,,,,,,,,,,,,,,,,,,,,,,,,,,,,,,,,1400.0,,,1575.0,1575.0,1537.5,1700.0,1700.0,1700.0,1675.0,1730.0,1725.0,,,1662.5,1995.0,1562.5,1650.0,1650.0,1800.0,,,,,,1700.0,,,1650.0,1600.0,1600.0,1662.5,1750.0,1997.5,2100.0,1750.0,1700.0,1800.0,2000.0,1997.5,1947.5,,2100.0,2225.0
Woodlawn,Bronx,neighborhood,,,,,,,,,,,,,,,,,,,,,,,,,,,,,,,,,,,,,,,,,,,,,,,,,,,,,,,,,,,,,,,,,,,,,,,,,,,,,,,,,,,,,,,,,,,,,,,,,,
Woodside,Queens,neighborhood,1700.0,,,2000.0,1475.0,1487.5,,,,,,,,,,,,,,1462.5,,,,,,,,,,,,,,,,,,,1575.0,,,,1600.0,1600.0,1600.0,1600.0,1600.0,1700.0,1700.0,1750.0,1750.0,1750.0,1795.0,1900.0,1925.0,1750.0,1950.0,1900.0,2000.0,1850.0,1925.0,2150.0,1900.0,1887.5,1875.0,1950.0,1950.0,1890.0,1892.5,1625.0,1899.5,1900.0,1900.0,1800.0,1775.0,1775.0,1675.0,1825.0,1900.0,1897.5,1762.5,1800.0,1897.0,2000.0,1800.0,1800.0,1900.0,1900.0,1750.0,1999.5,2050.0,2025.0,2025.0,2000.0,1907.5,1920.0,1800.0,1797.5
Woodstock,Bronx,neighborhood,,,,,,,,,,,,,,,,,,,,,,,,,,,,,,,,,,,,,,,,,,,,,,,,,,,,,,,,,,,,,,,,,,,,,,,,,,,,,,,,,,,,,,,2200.0,,1650.0,,,,,,,,,
